Received request at 13 Nov 2025, 11:46:18: Method = GET | URL = /lessons/guitar2.jpg
Received request at 13 Nov 2025, 11:48:01: Method = GET | URL = /lessons/guitar2.jpg
Received request at 13 Nov 2025, 11:48:22: Method = GET | URL = /lessons/guitar2.jpg
Received request at 13 Nov 2025, 11:50:21: Method = GET | URL = /lessons/guitar2.jpg
Error 404: Lesson image /guitar2.jpg was not found.
Received request at 13 Nov 2025, 11:52:33: Method = GET | URL = /lessons/guitar2.jpg
Error 404: Lesson image /guitar2.jpg was not found.
Received request at 15 Nov 2025, 09:49:37: Method = GET | URL = /collections/lessons
Received request at 15 Nov 2025, 10:00:41: Method = GET | URL = /collections/lessons
Received request at 15 Nov 2025, 10:00:44: Method = GET | URL = /collections/lessons
Received request at 15 Nov 2025, 11:47:00: Method = GET | URL = /collections/lessons
Received request at 15 Nov 2025, 11:47:36: Method = GET | URL = /lessons
Received request at 15 Nov 2025, 11:47:36: Method = GET | URL = /lessons/
Error 404: Lesson image / was not found.
Received request at 15 Nov 2025, 11:48:18: Method = GET | URL = /lessons/
Received request at 15 Nov 2025, 11:48:30: Method = GET | URL = /lesson-images
Received request at 15 Nov 2025, 11:48:30: Method = GET | URL = /lesson-images/
Error 404: Lesson image / was not found.
Received request at 15 Nov 2025, 11:49:01: Method = GET | URL = /lesson-images/guitar.jpg
Received request at 15 Nov 2025, 11:50:02: Method = GET | URL = /lesson-images/guitar1.jpg
Error 404: Lesson image /guitar1.jpg was not found.
Received request at 15 Nov 2025, 12:17:47: Method = GET | URL = /collections/lessons
Received request at 15 Nov 2025, 12:17:50: Method = GET | URL = /collections/lessons
Received request at 15 Nov 2025, 12:18:01: Method = GET | URL = /collections/lessons
Received request at 15 Nov 2025, 12:18:03: Method = GET | URL = /collections/lessons
Received request at 15 Nov 2025, 12:18:07: Method = GET | URL = /collections/lessons
Received request at 15 Nov 2025, 12:18:23: Method = GET | URL = /collections/lessons
Received request at 15 Nov 2025, 12:23:05: Method = GET | URL = /collections/lessons
Received request at 15 Nov 2025, 12:24:04: Method = GET | URL = /lesson-images/maths.jpg
Error 404: Lesson image /maths.jpg was not found.
Received request at 15 Nov 2025, 12:24:25: Method = GET | URL = /lesson-images/maths.jpg
Error 404: Lesson image /maths.jpg was not found.
Received request at 15 Nov 2025, 12:25:49: Method = GET | URL = /collections/lessons
Received request at 15 Nov 2025, 12:26:45: Method = GET | URL = /collections/lessons
Received request at 15 Nov 2025, 12:26:48: Method = GET | URL = /collections/lessons
Received request at 15 Nov 2025, 12:26:55: Method = GET | URL = /collections/lessons
Received request at 15 Nov 2025, 12:27:42: Method = GET | URL = /collections/lessons
Received request at 15 Nov 2025, 12:27:45: Method = GET | URL = /collections/lessons
Received request at 15 Nov 2025, 12:27:54: Method = GET | URL = /collections/lessons
Received request at 15 Nov 2025, 12:28:17: Method = GET | URL = /collections/lessons
Received request at 15 Nov 2025, 12:28:45: Method = GET | URL = /collections/lessons
Received request at 15 Nov 2025, 12:29:20: Method = GET | URL = /collections/lessons
Received request at 15 Nov 2025, 12:29:23: Method = GET | URL = /collections/lessons
Received request at 15 Nov 2025, 12:32:16: Method = GET | URL = /collections/lessons
Received request at 15 Nov 2025, 12:32:21: Method = GET | URL = /collections/lessons
Received request at 15 Nov 2025, 12:34:24: Method = GET | URL = /collections/lessons
Received request at 15 Nov 2025, 12:34:25: Method = GET | URL = /collections/lessons
Received request at 15 Nov 2025, 12:34:26: Method = GET | URL = /collections/lessons
Received request at 15 Nov 2025, 12:35:10: Method = GET | URL = /collections/lessons
Received request at 15 Nov 2025, 12:35:11: Method = GET | URL = /collections/lessons
Received request at 15 Nov 2025, 12:37:38: Method = GET | URL = /collections/lessons
Received request at 15 Nov 2025, 12:38:34: Method = GET | URL = /lesson-images/maths.jpg
Received request at 15 Nov 2025, 12:40:08: Method = GET | URL = /collections/lessons
Received request at 15 Nov 2025, 12:41:21: Method = GET | URL = /collections/lessons
Received request at 15 Nov 2025, 12:41:37: Method = GET | URL = /collections/lessons
Received request at 15 Nov 2025, 12:42:04: Method = GET | URL = /collections/lessons
Received request at 15 Nov 2025, 12:42:09: Method = GET | URL = /collections/lessons
Received request at 15 Nov 2025, 12:42:11: Method = GET | URL = /collections/lessons
Received request at 15 Nov 2025, 12:42:27: Method = GET | URL = /collections/lessons
Received request at 15 Nov 2025, 12:42:29: Method = GET | URL = /collections/lessons
Received request at 15 Nov 2025, 12:42:29: Method = GET | URL = //lesson-images/maths.jpg
Received request at 15 Nov 2025, 12:42:29: Method = GET | URL = //lesson-images/images/lesson_images/guitar.jpg
Received request at 15 Nov 2025, 12:42:30: Method = GET | URL = /collections/lessons
Received request at 15 Nov 2025, 12:42:30: Method = GET | URL = //lesson-images/maths.jpg
Received request at 15 Nov 2025, 12:42:30: Method = GET | URL = //lesson-images/images/lesson_images/guitar.jpg
Received request at 15 Nov 2025, 12:42:33: Method = GET | URL = /collections/lessons
Received request at 15 Nov 2025, 12:42:33: Method = GET | URL = //lesson-images/maths.jpg
Received request at 15 Nov 2025, 12:42:33: Method = GET | URL = //lesson-images/images/lesson_images/guitar.jpg
Received request at 15 Nov 2025, 12:42:34: Method = GET | URL = /collections/lessons
Received request at 15 Nov 2025, 12:42:34: Method = GET | URL = //lesson-images/maths.jpg
Received request at 15 Nov 2025, 12:42:34: Method = GET | URL = //lesson-images/images/lesson_images/guitar.jpg
Received request at 15 Nov 2025, 12:42:49: Method = GET | URL = /collections/lessons
Received request at 15 Nov 2025, 12:42:51: Method = GET | URL = /collections/lessons
Received request at 15 Nov 2025, 12:42:52: Method = GET | URL = //lesson-images/maths.jpg
Received request at 15 Nov 2025, 12:42:52: Method = GET | URL = //lesson-images/images/lesson_images/guitar.jpg
Received request at 15 Nov 2025, 12:43:02: Method = GET | URL = /collections/lessons
Received request at 15 Nov 2025, 12:43:06: Method = GET | URL = /collections/lessons
Received request at 15 Nov 2025, 12:43:10: Method = GET | URL = /collections/lessons
Received request at 15 Nov 2025, 12:43:10: Method = GET | URL = //lesson-images/maths.jpg
Received request at 15 Nov 2025, 12:43:10: Method = GET | URL = //lesson-images/images/lesson_images/guitar.jpg
Received request at 15 Nov 2025, 12:43:14: Method = GET | URL = /collections/lessons
Received request at 15 Nov 2025, 12:43:21: Method = GET | URL = /collections/lessons
Received request at 15 Nov 2025, 12:43:23: Method = GET | URL = /collections/lessons
Received request at 15 Nov 2025, 12:43:23: Method = GET | URL = //lesson-images/images/lesson_images/guitar.jpg
Received request at 15 Nov 2025, 12:43:23: Method = GET | URL = //lesson-images/maths.jpg
Received request at 15 Nov 2025, 12:43:36: Method = GET | URL = /collections/lessons
Received request at 15 Nov 2025, 12:43:36: Method = GET | URL = //lesson-images/maths.jpg
Received request at 15 Nov 2025, 12:43:36: Method = GET | URL = //lesson-images/images/lesson_images/guitar.jpg
Received request at 15 Nov 2025, 13:17:37: Method = GET | URL = /collections/lessons
Received request at 15 Nov 2025, 13:17:38: Method = GET | URL = /lesson-images/maths.jpg
Received request at 15 Nov 2025, 13:17:38: Method = GET | URL = /lesson-images/images/lesson_images/guitar.jpg
Error 404: Lesson image /images/lesson_images/guitar.jpg was not found.
Received request at 15 Nov 2025, 13:18:31: Method = GET | URL = /collections/lessons
Received request at 15 Nov 2025, 13:18:31: Method = GET | URL = /lesson-images/maths.jpg
Received request at 15 Nov 2025, 13:18:31: Method = GET | URL = /lesson-images/guitar.jpg
Received request at 15 Nov 2025, 13:18:31: Method = GET | URL = /lesson-images/images/lesson_images/guitar.jpg
Error 404: Lesson image /images/lesson_images/guitar.jpg was not found.
Received request at 15 Nov 2025, 13:21:33: Method = GET | URL = /collections/lessons
Received request at 15 Nov 2025, 13:21:33: Method = GET | URL = /lesson-images/maths.jpg
Received request at 15 Nov 2025, 13:21:33: Method = GET | URL = /lesson-images/guitar.jpg
Received request at 15 Nov 2025, 13:21:33: Method = GET | URL = /lesson-images/images/lesson_images/guitar.jpg
Error 404: Lesson image /images/lesson_images/guitar.jpg was not found.
Received request at 15 Nov 2025, 13:21:37: Method = GET | URL = /collections/lessons
Received request at 15 Nov 2025, 13:21:38: Method = GET | URL = /lesson-images/maths.jpg
Received request at 15 Nov 2025, 13:21:38: Method = GET | URL = /lesson-images/guitar.jpg
Received request at 15 Nov 2025, 13:21:38: Method = GET | URL = /lesson-images/images/lesson_images/guitar.jpg
Error 404: Lesson image /images/lesson_images/guitar.jpg was not found.
Received request at 15 Nov 2025, 13:21:40: Method = GET | URL = /collections/lessons
Received request at 15 Nov 2025, 13:21:40: Method = GET | URL = /lesson-images/maths.jpg
Received request at 15 Nov 2025, 13:21:40: Method = GET | URL = /lesson-images/guitar.jpg
Received request at 15 Nov 2025, 13:21:40: Method = GET | URL = /lesson-images/images/lesson_images/guitar.jpg
Error 404: Lesson image /images/lesson_images/guitar.jpg was not found.
Received request at 15 Nov 2025, 13:21:48: Method = GET | URL = /collections/lessons
Received request at 15 Nov 2025, 13:21:48: Method = GET | URL = /lesson-images/maths.jpg
Received request at 15 Nov 2025, 13:21:48: Method = GET | URL = /lesson-images/guitar.jpg
Received request at 15 Nov 2025, 13:21:48: Method = GET | URL = /lesson-images/images/lesson_images/guitar.jpg
Error 404: Lesson image /images/lesson_images/guitar.jpg was not found.
Received request at 15 Nov 2025, 13:23:10: Method = GET | URL = /collection
Received request at 15 Nov 2025, 13:23:19: Method = GET | URL = /collections/les
Received request at 15 Nov 2025, 13:23:23: Method = GET | URL = /collections/lessons
Received request at 15 Nov 2025, 13:23:23: Method = GET | URL = /lesson-images/maths.jpg
Received request at 15 Nov 2025, 13:23:23: Method = GET | URL = /lesson-images/guitar.jpg
Received request at 15 Nov 2025, 13:23:23: Method = GET | URL = /lesson-images/images/lesson_images/guitar.jpg
Error 404: Lesson image /images/lesson_images/guitar.jpg was not found.
Received request at 15 Nov 2025, 13:23:36: Method = GET | URL = /collections/lessons
Received request at 15 Nov 2025, 13:23:36: Method = GET | URL = /lesson-images/maths.jpg
Received request at 15 Nov 2025, 13:23:36: Method = GET | URL = /lesson-images/guitar.jpg
Received request at 15 Nov 2025, 13:23:36: Method = GET | URL = /lesson-images/images/lesson_images/guitar.jpg
Error 404: Lesson image /images/lesson_images/guitar.jpg was not found.
Received request at 15 Nov 2025, 13:23:37: Method = GET | URL = /collections/lessons
Received request at 15 Nov 2025, 13:23:37: Method = GET | URL = /lesson-images/maths.jpg
Received request at 15 Nov 2025, 13:23:37: Method = GET | URL = /lesson-images/guitar.jpg
Received request at 15 Nov 2025, 13:23:37: Method = GET | URL = /lesson-images/images/lesson_images/guitar.jpg
Error 404: Lesson image /images/lesson_images/guitar.jpg was not found.
Received request at 15 Nov 2025, 14:39:20: Method = GET | URL = /collections/lessons
Received request at 15 Nov 2025, 14:39:20: Method = GET | URL = /lesson-images/maths.jpg
Received request at 15 Nov 2025, 14:39:20: Method = GET | URL = /lesson-images/guitar.jpg
Received request at 15 Nov 2025, 14:39:20: Method = GET | URL = /lesson-images/images/lesson_images/guitar.jpg
Error 404: Lesson image /images/lesson_images/guitar.jpg was not found.
Received request at 15 Nov 2025, 14:39:32: Method = GET | URL = /collections/lessons
Received request at 15 Nov 2025, 14:39:32: Method = GET | URL = /lesson-images/maths.jpg
Received request at 15 Nov 2025, 14:39:32: Method = GET | URL = /lesson-images/guitar.jpg
Received request at 15 Nov 2025, 14:39:32: Method = GET | URL = /lesson-images/images/lesson_images/guitar.jpg
Error 404: Lesson image /images/lesson_images/guitar.jpg was not found.
Received request at 15 Nov 2025, 14:40:27: Method = GET | URL = /collections/lessons
Received request at 15 Nov 2025, 14:40:27: Method = GET | URL = /lesson-images/maths.jpg
Received request at 15 Nov 2025, 14:40:27: Method = GET | URL = /lesson-images/guitar.jpg
Received request at 15 Nov 2025, 14:40:27: Method = GET | URL = /lesson-images/images/lesson_images/guitar.jpg
Error 404: Lesson image /images/lesson_images/guitar.jpg was not found.
Received request at 15 Nov 2025, 14:40:29: Method = GET | URL = /collections/lessons
Received request at 15 Nov 2025, 14:40:29: Method = GET | URL = /lesson-images/maths.jpg
Received request at 15 Nov 2025, 14:40:29: Method = GET | URL = /lesson-images/guitar.jpg
Received request at 15 Nov 2025, 14:40:29: Method = GET | URL = /lesson-images/images/lesson_images/guitar.jpg
Error 404: Lesson image /images/lesson_images/guitar.jpg was not found.
Received request at 15 Nov 2025, 14:40:35: Method = GET | URL = /collections/lessons
Received request at 15 Nov 2025, 14:40:35: Method = GET | URL = /lesson-images/maths.jpg
Received request at 15 Nov 2025, 14:40:35: Method = GET | URL = /lesson-images/guitar.jpg
Received request at 15 Nov 2025, 14:40:35: Method = GET | URL = /lesson-images/images/lesson_images/guitar.jpg
Error 404: Lesson image /images/lesson_images/guitar.jpg was not found.
Received request at 15 Nov 2025, 14:40:39: Method = GET | URL = /collections/lessons
Received request at 15 Nov 2025, 14:40:39: Method = GET | URL = /lesson-images/maths.jpg
Received request at 15 Nov 2025, 14:40:39: Method = GET | URL = /lesson-images/guitar.jpg
Received request at 15 Nov 2025, 14:40:39: Method = GET | URL = /lesson-images/images/lesson_images/guitar.jpg
Error 404: Lesson image /images/lesson_images/guitar.jpg was not found.
Received request at 15 Nov 2025, 14:54:11: Method = GET | URL = /collections/lessons
Received request at 15 Nov 2025, 14:54:11: Method = GET | URL = /lesson-images/maths.jpg
Received request at 15 Nov 2025, 14:54:11: Method = GET | URL = /lesson-images/guitar.jpg
Received request at 15 Nov 2025, 14:54:11: Method = GET | URL = /lesson-images/images/lesson_images/guitar.jpg
Error 404: Lesson image /images/lesson_images/guitar.jpg was not found.
Received request at 15 Nov 2025, 14:57:14: Method = GET | URL = /collections/lessons
Received request at 15 Nov 2025, 14:57:15: Method = GET | URL = /lesson-images/maths.jpg
Received request at 15 Nov 2025, 14:57:15: Method = GET | URL = /lesson-images/guitar.jpg
Received request at 15 Nov 2025, 14:57:15: Method = GET | URL = /lesson-images/images/lesson_images/guitar.jpg
Error 404: Lesson image /images/lesson_images/guitar.jpg was not found.
Received request at 15 Nov 2025, 14:57:18: Method = GET | URL = /collections/lessons
Received request at 15 Nov 2025, 14:57:18: Method = GET | URL = /lesson-images/maths.jpg
Received request at 15 Nov 2025, 14:57:18: Method = GET | URL = /lesson-images/guitar.jpg
Received request at 15 Nov 2025, 14:57:18: Method = GET | URL = /lesson-images/images/lesson_images/guitar.jpg
Error 404: Lesson image /images/lesson_images/guitar.jpg was not found.
Received request at 15 Nov 2025, 15:01:39: Method = GET | URL = /collections/lessons
Received request at 15 Nov 2025, 15:01:39: Method = GET | URL = /lesson-images/maths.jpg
Received request at 15 Nov 2025, 15:01:39: Method = GET | URL = /lesson-images/guitar.jpg
Received request at 15 Nov 2025, 15:01:39: Method = GET | URL = /lesson-images/images/lesson_images/guitar.jpg
Error 404: Lesson image /images/lesson_images/guitar.jpg was not found.
Received request at 15 Nov 2025, 15:01:46: Method = GET | URL = /collections/lessons
Received request at 15 Nov 2025, 15:01:47: Method = GET | URL = /lesson-images/maths.jpg
Received request at 15 Nov 2025, 15:01:47: Method = GET | URL = /lesson-images/guitar.jpg
Received request at 15 Nov 2025, 15:01:47: Method = GET | URL = /lesson-images/images/lesson_images/guitar.jpg
Error 404: Lesson image /images/lesson_images/guitar.jpg was not found.
Received request at 15 Nov 2025, 15:01:49: Method = GET | URL = /collections/lessons
Received request at 15 Nov 2025, 15:01:49: Method = GET | URL = /lesson-images/maths.jpg
Received request at 15 Nov 2025, 15:01:49: Method = GET | URL = /lesson-images/guitar.jpg
Received request at 15 Nov 2025, 15:01:49: Method = GET | URL = /lesson-images/images/lesson_images/guitar.jpg
Error 404: Lesson image /images/lesson_images/guitar.jpg was not found.
Received request at 15 Nov 2025, 15:01:50: Method = GET | URL = /collections/lessons
Received request at 15 Nov 2025, 15:01:50: Method = GET | URL = /lesson-images/maths.jpg
Received request at 15 Nov 2025, 15:01:50: Method = GET | URL = /lesson-images/guitar.jpg
Received request at 15 Nov 2025, 15:01:50: Method = GET | URL = /lesson-images/images/lesson_images/guitar.jpg
Error 404: Lesson image /images/lesson_images/guitar.jpg was not found.
Received request at 15 Nov 2025, 15:01:53: Method = GET | URL = /collections/lessons
Received request at 15 Nov 2025, 15:01:53: Method = GET | URL = /lesson-images/maths.jpg
Received request at 15 Nov 2025, 15:01:53: Method = GET | URL = /lesson-images/guitar.jpg
Received request at 15 Nov 2025, 15:01:53: Method = GET | URL = /lesson-images/images/lesson_images/guitar.jpg
Error 404: Lesson image /images/lesson_images/guitar.jpg was not found.
Received request at 15 Nov 2025, 15:02:08: Method = GET | URL = /collections/lessons
Received request at 15 Nov 2025, 15:02:09: Method = GET | URL = /lesson-images/maths.jpg
Received request at 15 Nov 2025, 15:02:09: Method = GET | URL = /lesson-images/guitar.jpg
Received request at 15 Nov 2025, 15:02:09: Method = GET | URL = /lesson-images/images/lesson_images/guitar.jpg
Error 404: Lesson image /images/lesson_images/guitar.jpg was not found.
Received request at 15 Nov 2025, 15:02:17: Method = GET | URL = /collections/lessons
Received request at 15 Nov 2025, 15:02:17: Method = GET | URL = /lesson-images/maths.jpg
Received request at 15 Nov 2025, 15:02:17: Method = GET | URL = /lesson-images/guitar.jpg
Received request at 15 Nov 2025, 15:02:17: Method = GET | URL = /lesson-images/images/lesson_images/guitar.jpg
Error 404: Lesson image /images/lesson_images/guitar.jpg was not found.
Received request at 15 Nov 2025, 15:03:07: Method = GET | URL = /collections/lessons
Received request at 15 Nov 2025, 15:03:07: Method = GET | URL = /lesson-images/maths.jpg
Received request at 15 Nov 2025, 15:03:07: Method = GET | URL = /lesson-images/guitar.jpg
Received request at 15 Nov 2025, 15:03:07: Method = GET | URL = /lesson-images/images/lesson_images/guitar.jpg
Error 404: Lesson image /images/lesson_images/guitar.jpg was not found.
Received request at 15 Nov 2025, 15:27:21: Method = GET | URL = /collections/lessons
Received request at 15 Nov 2025, 15:27:22: Method = GET | URL = /lesson-images/maths.jpg
Received request at 15 Nov 2025, 15:27:22: Method = GET | URL = /lesson-images/guitar.jpg
Received request at 15 Nov 2025, 15:27:22: Method = GET | URL = /lesson-images/images/lesson_images/guitar.jpg
Error 404: Lesson image /images/lesson_images/guitar.jpg was not found.
Received request at 15 Nov 2025, 15:41:25: Method = GET | URL = /collections/lessons
Received request at 15 Nov 2025, 15:41:25: Method = GET | URL = /lesson-images/maths.jpg
Received request at 15 Nov 2025, 15:41:25: Method = GET | URL = /lesson-images/guitar.jpg
Received request at 15 Nov 2025, 15:41:25: Method = GET | URL = /lesson-images/images/lesson_images/guitar.jpg
Error 404: Lesson image /images/lesson_images/guitar.jpg was not found.
Received request at 15 Nov 2025, 15:41:43: Method = GET | URL = /collections/lessons
Received request at 15 Nov 2025, 15:41:44: Method = GET | URL = /lesson-images/maths.jpg
Received request at 15 Nov 2025, 15:41:44: Method = GET | URL = /lesson-images/guitar.jpg
Received request at 15 Nov 2025, 15:41:44: Method = GET | URL = /lesson-images/images/lesson_images/guitar.jpg
Error 404: Lesson image /images/lesson_images/guitar.jpg was not found.
Received request at 15 Nov 2025, 15:43:06: Method = GET | URL = /collections/lessons
Received request at 15 Nov 2025, 15:43:06: Method = GET | URL = /lesson-images/maths.jpg
Received request at 15 Nov 2025, 15:43:06: Method = GET | URL = /lesson-images/guitar.jpg
Received request at 15 Nov 2025, 15:43:06: Method = GET | URL = /lesson-images/images/lesson_images/guitar.jpg
Error 404: Lesson image /images/lesson_images/guitar.jpg was not found.
Received request at 15 Nov 2025, 15:43:59: Method = GET | URL = /collections/lessons
Received request at 15 Nov 2025, 15:43:59: Method = GET | URL = /lesson-images/maths.jpg
Received request at 15 Nov 2025, 15:43:59: Method = GET | URL = /lesson-images/guitar.jpg
Received request at 15 Nov 2025, 15:43:59: Method = GET | URL = /lesson-images/images/lesson_images/guitar.jpg
Error 404: Lesson image /images/lesson_images/guitar.jpg was not found.
Received request at 15 Nov 2025, 15:44:49: Method = GET | URL = /collections/lessons
Received request at 15 Nov 2025, 15:44:49: Method = GET | URL = /lesson-images/maths.jpg
Received request at 15 Nov 2025, 15:44:49: Method = GET | URL = /lesson-images/guitar.jpg
Received request at 15 Nov 2025, 15:44:49: Method = GET | URL = /lesson-images/images/lesson_images/guitar.jpg
Error 404: Lesson image /images/lesson_images/guitar.jpg was not found.
Received request at 15 Nov 2025, 15:45:20: Method = GET | URL = /collections/lessons
Received request at 15 Nov 2025, 15:45:20: Method = GET | URL = /lesson-images/maths.jpg
Received request at 15 Nov 2025, 15:45:20: Method = GET | URL = /lesson-images/guitar.jpg
Received request at 15 Nov 2025, 15:45:20: Method = GET | URL = /lesson-images/images/lesson_images/guitar.jpg
Error 404: Lesson image /images/lesson_images/guitar.jpg was not found.
Received request --> Method: GET --> URL: /collections/lessons
 at 15 Nov 2025, 16:59:05: Received request --> Method: GET --> URL: /lesson-images/maths.jpg
 at 15 Nov 2025, 16:59:05: Received request --> Method: GET --> URL: /lesson-images/guitar.jpg
 at 15 Nov 2025, 16:59:05: Received request --> Method: GET --> URL: /lesson-images/images/lesson_images/guitar.jpg
 at 15 Nov 2025, 16:59:05: Error 404: Lesson image /images/lesson_images/guitar.jpg was not found.
Received request --> Method: GET --> URL: /collections/lessons
 at 15 Nov 2025, 17:00:06: Error 404: Lesson image /images/lesson_images/guitar.jpg was not found.
Received request --> Method: GET --> URL: /collections/lessons at 15 Nov 2025, 17:00:53
 Error 404: Lesson image /images/lesson_images/guitar.jpg was not found.
Received request --> Method: GET and URL: /collections/lessons at 15 Nov 2025, 17:01:21
 Error 404: Lesson image /images/lesson_images/guitar.jpg was not found.
Received request --> Method: GET and URL: /collections/lessons at 15 Nov 2025, 17:10:09
 Error 404: Lesson image /images/lesson_images/guitar.jpg was not found.
Received request --> Method: GET and URL: /collections/lessons at 15 Nov 2025, 17:10:10
 Error 404: Lesson image /images/lesson_images/guitar.jpg was not found.
Received request --> Method: GET and URL: /collections/lessons at 15 Nov 2025, 17:10:11
 Error 404: Lesson image /images/lesson_images/guitar.jpg was not found.
Received request --> Method: GET and URL: /collections/lessons at 15 Nov 2025, 17:10:12
 Error 404: Lesson image /images/lesson_images/guitar.jpg was not found.
Received request --> Method: GET and URL: /collections/lessons at 15 Nov 2025, 17:10:13
 Error 404: Lesson image /images/lesson_images/guitar.jpg was not found.
Received request --> Method: GET and URL: /collections/lessons at 15 Nov 2025, 17:30:28
 Error 404: Lesson image /images/lesson_images/guitar.jpg was not found.
Received request --> Method: GET and URL: /collections/lessons at 15 Nov 2025, 17:34:53
 Error 404: Lesson image /images/lesson_images/guitar.jpg was not found.
Received request --> Method: GET and URL: /collections/lessons at 15 Nov 2025, 17:49:31
 Received request --> Method: GET and URL: /collections/lessons at 15 Nov 2025, 17:49:32
 Received request --> Method: GET and URL: /collections/lessons at 15 Nov 2025, 17:49:56
 [15 Nov 2025, 18:12:03] GET /collections/lessons
Error 404: Lesson image /images/lesson_images/guitar.jpg was not found.
[15 Nov 2025, 18:17:46] GET /collections/lessons
[15 Nov 2025, 18:17:46] 404: Lesson image /images/lesson_images/guitar.jpg not found[15 Nov 2025, 18:18:10] GET /collections/lessons
[15 Nov 2025, 18:18:10] 404: Lesson image /images/lesson_images/guitar.jpg not found[15 Nov 2025, 22:35:26] GET /collections/lessons
[15 Nov 2025, 22:35:27] 404: Lesson image /images/lesson_images/guitar.jpg not found[15 Nov 2025, 22:35:45] GET /collections/lessons
[15 Nov 2025, 22:35:45] 404: Lesson image /images/lesson_images/guitar.jpg not found[15 Nov 2025, 22:36:09] GET /collections/lessons
[15 Nov 2025, 22:36:10] 404: Lesson image /images/lesson_images/guitar.jpg not found[15 Nov 2025, 22:36:11] GET /collections/lessons
[15 Nov 2025, 22:36:11] 404: Lesson image /images/lesson_images/guitar.jpg not found[15 Nov 2025, 22:36:12] GET /collections/lessons
[15 Nov 2025, 22:36:12] 404: Lesson image /images/lesson_images/guitar.jpg not found[15 Nov 2025, 22:36:24] 404: Lesson image /images/lesson_images/guitar.jpg not found[15 Nov 2025, 22:36:36] GET /collections/lessons
[15 Nov 2025, 22:36:36] 404: Lesson image /images/lesson_images/guitar.jpg not found[15 Nov 2025, 22:36:41] GET /collections/lessons
[15 Nov 2025, 22:36:41] 404: Lesson image /images/lesson_images/guitar.jpg not found[15 Nov 2025, 22:36:45] GET /collections/lessons
[15 Nov 2025, 22:36:45] 404: Lesson image /images/lesson_images/guitar.jpg not found[15 Nov 2025, 22:36:48] GET /collections/lessons
[15 Nov 2025, 22:36:48] 404: Lesson image /images/lesson_images/guitar.jpg not found[15 Nov 2025, 22:36:53] GET /collections/lessons
[15 Nov 2025, 22:36:53] 404: Lesson image /images/lesson_images/guitar.jpg not found[15 Nov 2025, 22:41:28] GET /collections/lessons
[15 Nov 2025, 22:41:28] 404: Lesson image /images/lesson_images/guitar.jpg not found[15 Nov 2025, 22:41:32] GET /collections/lessons
[15 Nov 2025, 22:41:32] 404: Lesson image /images/lesson_images/guitar.jpg not found[15 Nov 2025, 22:41:34] GET /collections/lessons
[15 Nov 2025, 22:41:34] 404: Lesson image /images/lesson_images/guitar.jpg not found[15 Nov 2025, 22:42:18] GET /collections/lessons
[15 Nov 2025, 22:42:18] 404: Lesson image /images/lesson_images/guitar.jpg not found[15 Nov 2025, 22:42:20] GET /collections/lessons
[15 Nov 2025, 22:42:20] 404: Lesson image /images/lesson_images/guitar.jpg not found[15 Nov 2025, 22:42:21] GET /collections/lessons
[15 Nov 2025, 22:42:21] 404: Lesson image /images/lesson_images/guitar.jpg not found[15 Nov 2025, 22:42:34] GET /collections/lessons
[15 Nov 2025, 22:42:35] 404: Lesson image /images/lesson_images/guitar.jpg not found[15 Nov 2025, 22:42:50] GET /collections/lessons
[15 Nov 2025, 22:42:50] 404: Lesson image /images/lesson_images/guitar.jpg not found[15 Nov 2025, 22:43:05] GET /collections/lessons
[15 Nov 2025, 22:43:05] 404: Lesson image /images/lesson_images/guitar.jpg not found[15 Nov 2025, 22:43:09] GET /collections/lessons
[15 Nov 2025, 22:43:09] 404: Lesson image /images/lesson_images/guitar.jpg not found[15 Nov 2025, 22:43:11] GET /collections/lessons
[15 Nov 2025, 22:43:11] 404: Lesson image /images/lesson_images/guitar.jpg not found[15 Nov 2025, 22:43:23] GET /collections/lessons
[15 Nov 2025, 22:43:23] 404: Lesson image /images/lesson_images/guitar.jpg not found[15 Nov 2025, 22:43:27] GET /collections/lessons
[15 Nov 2025, 22:43:27] 404: Lesson image /images/lesson_images/guitar.jpg not found[15 Nov 2025, 22:43:29] GET /collections/lessons
[15 Nov 2025, 22:43:30] 404: Lesson image /images/lesson_images/guitar.jpg not found[15 Nov 2025, 22:43:35] GET /collections/lessons
[15 Nov 2025, 22:43:35] 404: Lesson image /images/lesson_images/guitar.jpg not found[15 Nov 2025, 22:44:28] GET /collections/lessons
[15 Nov 2025, 22:44:28] 404: Lesson image /images/lesson_images/guitar.jpg not found[15 Nov 2025, 22:44:38] GET /collections/lessons
[15 Nov 2025, 22:44:38] 404: Lesson image /images/lesson_images/guitar.jpg not found[15 Nov 2025, 22:44:44] GET /collections/lessons
[15 Nov 2025, 22:44:44] 404: Lesson image /images/lesson_images/guitar.jpg not found[15 Nov 2025, 22:44:45] GET /collections/lessons
[15 Nov 2025, 22:44:45] 404: Lesson image /images/lesson_images/guitar.jpg not found[15 Nov 2025, 22:45:00] GET /collections/lessons
[15 Nov 2025, 22:45:00] 404: Lesson image /images/lesson_images/guitar.jpg not found[15 Nov 2025, 22:45:01] GET /collections/lessons
[15 Nov 2025, 22:45:01] 404: Lesson image /images/lesson_images/guitar.jpg not found[15 Nov 2025, 22:45:06] GET /collections/lessons
[15 Nov 2025, 22:45:06] 404: Lesson image /images/lesson_images/guitar.jpg not found[15 Nov 2025, 22:45:13] GET /collections/lessons
[15 Nov 2025, 22:45:13] 404: Lesson image /images/lesson_images/guitar.jpg not found[15 Nov 2025, 22:45:17] GET /collections/lessons
[15 Nov 2025, 22:45:17] 404: Lesson image /images/lesson_images/guitar.jpg not found[15 Nov 2025, 22:45:19] GET /collections/lessons
[15 Nov 2025, 22:45:19] 404: Lesson image /images/lesson_images/guitar.jpg not found[15 Nov 2025, 22:45:27] GET /collections/lessons
[15 Nov 2025, 22:45:27] 404: Lesson image /images/lesson_images/guitar.jpg not found[15 Nov 2025, 22:45:28] GET /collections/lessons
[15 Nov 2025, 22:45:28] 404: Lesson image /images/lesson_images/guitar.jpg not found[15 Nov 2025, 22:45:47] GET /collections/lessons
[15 Nov 2025, 22:45:47] 404: Lesson image /images/lesson_images/guitar.jpg not found[15 Nov 2025, 22:51:03] GET /collections/lessons
[15 Nov 2025, 22:51:03] 404: Lesson image /images/lesson_images/guitar.jpg not found[15 Nov 2025, 22:51:10] GET /collections/lessons
[15 Nov 2025, 22:51:10] 404: Lesson image /images/lesson_images/guitar.jpg not found[15 Nov 2025, 22:51:16] GET /collections/lessons
[15 Nov 2025, 22:51:17] 404: Lesson image /images/lesson_images/guitar.jpg not found[15 Nov 2025, 22:51:18] GET /collections/lessons
[15 Nov 2025, 22:51:19] 404: Lesson image /images/lesson_images/guitar.jpg not found[15 Nov 2025, 22:51:22] GET /collections/lessons
[15 Nov 2025, 22:51:23] 404: Lesson image /images/lesson_images/guitar.jpg not found[15 Nov 2025, 22:51:25] GET /collections/lessons
[15 Nov 2025, 22:51:25] 404: Lesson image /images/lesson_images/guitar.jpg not found[15 Nov 2025, 22:51:29] GET /collections/lessons
[15 Nov 2025, 22:51:29] 404: Lesson image /images/lesson_images/guitar.jpg not found[15 Nov 2025, 22:51:34] GET /collections/lessons
[15 Nov 2025, 22:51:34] 404: Lesson image /images/lesson_images/guitar.jpg not found[15 Nov 2025, 22:51:35] GET /collections/lessons
[15 Nov 2025, 22:51:35] 404: Lesson image /images/lesson_images/guitar.jpg not found[15 Nov 2025, 22:51:37] GET /collections/lessons
[15 Nov 2025, 22:51:37] 404: Lesson image /images/lesson_images/guitar.jpg not found[15 Nov 2025, 22:51:38] GET /collections/lessons
[15 Nov 2025, 22:51:38] 404: Lesson image /images/lesson_images/guitar.jpg not found[15 Nov 2025, 22:51:40] GET /collections/lessons
[15 Nov 2025, 22:51:41] 404: Lesson image /images/lesson_images/guitar.jpg not found[15 Nov 2025, 22:51:43] GET /collections/lessons
[15 Nov 2025, 22:51:43] 404: Lesson image /images/lesson_images/guitar.jpg not found[15 Nov 2025, 22:51:48] GET /collections/lessons
[15 Nov 2025, 22:51:48] 404: Lesson image /images/lesson_images/guitar.jpg not found[15 Nov 2025, 22:51:54] GET /collections/lessons
[15 Nov 2025, 22:51:54] 404: Lesson image /images/lesson_images/guitar.jpg not found[15 Nov 2025, 22:52:04] GET /collections/lessons
[15 Nov 2025, 22:52:04] 404: Lesson image /images/lesson_images/guitar.jpg not found[15 Nov 2025, 22:52:13] GET /collections/lessons
[15 Nov 2025, 22:52:13] 404: Lesson image /images/lesson_images/guitar.jpg not found[15 Nov 2025, 22:52:17] GET /collections/lessons
[15 Nov 2025, 22:52:18] 404: Lesson image /images/lesson_images/guitar.jpg not found[15 Nov 2025, 22:52:26] GET /collections/lessons
[15 Nov 2025, 22:52:26] 404: Lesson image /images/lesson_images/guitar.jpg not found[15 Nov 2025, 22:52:30] GET /collections/lessons
[15 Nov 2025, 22:52:30] 404: Lesson image /images/lesson_images/guitar.jpg not found[15 Nov 2025, 22:53:06] GET /collections/lessons
[15 Nov 2025, 22:53:07] 404: Lesson image /images/lesson_images/guitar.jpg not found[15 Nov 2025, 22:54:02] GET /collections/lessons
[15 Nov 2025, 22:54:02] 404: Lesson image /images/lesson_images/guitar.jpg not found[15 Nov 2025, 22:54:25] GET /collections/lessons
[15 Nov 2025, 22:54:25] 404: Lesson image /images/lesson_images/guitar.jpg not found[15 Nov 2025, 22:54:56] GET /collections/lessons
[15 Nov 2025, 22:54:56] 404: Lesson image /images/lesson_images/guitar.jpg not found[15 Nov 2025, 22:55:02] GET /collections/lessons
[15 Nov 2025, 22:55:02] 404: Lesson image /images/lesson_images/guitar.jpg not found[15 Nov 2025, 22:55:19] GET /collections/lessons
[15 Nov 2025, 22:55:19] 404: Lesson image /images/lesson_images/guitar.jpg not found[15 Nov 2025, 22:55:20] GET /collections/lessons
[15 Nov 2025, 22:55:20] 404: Lesson image /images/lesson_images/guitar.jpg not found[15 Nov 2025, 22:55:22] GET /collections/lessons
[15 Nov 2025, 22:55:22] 404: Lesson image /images/lesson_images/guitar.jpg not found[15 Nov 2025, 22:55:25] GET /collections/lessons
[15 Nov 2025, 22:55:25] 404: Lesson image /images/lesson_images/guitar.jpg not found[15 Nov 2025, 22:55:28] GET /collections/lessons
[15 Nov 2025, 22:55:28] 404: Lesson image /images/lesson_images/guitar.jpg not found[15 Nov 2025, 22:55:32] GET /collections/lessons
[15 Nov 2025, 22:55:32] 404: Lesson image /images/lesson_images/guitar.jpg not found[15 Nov 2025, 22:56:46] GET /collections/lessons
[15 Nov 2025, 22:56:47] 404: Lesson image /images/lesson_images/guitar.jpg not found[15 Nov 2025, 22:57:01] GET /collections/lessons
[15 Nov 2025, 22:57:01] 404: Lesson image /images/lesson_images/guitar.jpg not found[15 Nov 2025, 22:57:06] 404: Lesson image /images/lesson_images/guitar.jpg not found[15 Nov 2025, 22:58:37] GET /collections/lessons
[15 Nov 2025, 22:58:37] 404: Lesson image /images/lesson_images/guitar.jpg not found[15 Nov 2025, 22:58:38] GET /collections/lessons
[15 Nov 2025, 22:58:38] 404: Lesson image /images/lesson_images/guitar.jpg not found[15 Nov 2025, 22:59:29] GET /collections/lessons
[15 Nov 2025, 22:59:30] 404: Lesson image /images/lesson_images/guitar.jpg not found[15 Nov 2025, 22:59:30] GET /collections/lessons
[15 Nov 2025, 22:59:30] 404: Lesson image /images/lesson_images/guitar.jpg not found[15 Nov 2025, 22:59:42] GET /collections/lessons
[15 Nov 2025, 22:59:42] 404: Lesson image /images/lesson_images/guitar.jpg not found[15 Nov 2025, 22:59:56] GET /collections/lessons
[15 Nov 2025, 22:59:56] 404: Lesson image /images/lesson_images/guitar.jpg not found[15 Nov 2025, 22:59:57] GET /collections/lessons
[15 Nov 2025, 22:59:57] 404: Lesson image /images/lesson_images/guitar.jpg not found[15 Nov 2025, 23:00:13] GET /collections/lessons
[15 Nov 2025, 23:00:13] 404: Lesson image /images/lesson_images/guitar.jpg not found[15 Nov 2025, 23:00:56] GET /collections/lessons
[15 Nov 2025, 23:00:57] 404: Lesson image /images/lesson_images/guitar.jpg not found[15 Nov 2025, 23:01:00] GET /collections/lessons
[15 Nov 2025, 23:01:00] 404: Lesson image /images/lesson_images/guitar.jpg not found[15 Nov 2025, 23:01:04] GET /collections/lessons
[15 Nov 2025, 23:01:04] 404: Lesson image /images/lesson_images/guitar.jpg not found[15 Nov 2025, 23:01:14] GET /collections/lessons
[15 Nov 2025, 23:01:14] 404: Lesson image /images/lesson_images/guitar.jpg not found[16 Nov 2025, 11:17:32] GET /collections/lessons
[16 Nov 2025, 11:17:36] GET /collections/lessons
[16 Nov 2025, 11:18:06] GET /collections/lessons
[16 Nov 2025, 11:18:18] GET /collections/lessons
[16 Nov 2025, 11:18:19] GET /collections/lessons
[16 Nov 2025, 11:18:34] GET /collections/lessons
[16 Nov 2025, 11:20:13] GET /collections/lessons
[16 Nov 2025, 11:20:14] 404: Lesson image /images/lesson_images/guitar.jpg not found[16 Nov 2025, 11:20:41] GET /collections/lessons
[16 Nov 2025, 11:20:42] 404: Lesson image /images/lesson_images/guitar.jpg not found[16 Nov 2025, 11:22:00] GET /collections/lessons
[16 Nov 2025, 11:22:01] 404: Lesson image /images/lesson_images/guitar.jpg not found[16 Nov 2025, 11:25:38] GET /collections/lessons
[16 Nov 2025, 11:25:39] 404: Lesson image /images/lesson_images/guitar.jpg not found[16 Nov 2025, 11:26:12] GET /collections/lessons
[16 Nov 2025, 11:26:12] 404: Lesson image /images/lesson_images/guitar.jpg not found[16 Nov 2025, 11:26:42] GET /collections/lessons
[16 Nov 2025, 11:26:42] 404: Lesson image /images/lesson_images/guitar.jpg not found[16 Nov 2025, 11:26:46] GET /collections/lessons
[16 Nov 2025, 11:26:46] 404: Lesson image /images/lesson_images/guitar.jpg not found[16 Nov 2025, 11:28:42] GET /collections/lessons
[16 Nov 2025, 11:28:42] 404: Lesson image /images/lesson_images/guitar.jpg not found[16 Nov 2025, 11:29:21] GET /collections/lessons
[16 Nov 2025, 11:29:21] 404: Lesson image /images/lesson_images/guitar.jpg not found[16 Nov 2025, 11:29:26] GET /collections/lessons
[16 Nov 2025, 11:29:26] 404: Lesson image /images/lesson_images/guitar.jpg not found[16 Nov 2025, 11:29:31] GET /collections/lessons
[16 Nov 2025, 11:29:32] 404: Lesson image /images/lesson_images/guitar.jpg not found[16 Nov 2025, 11:29:32] GET /collections/lessons
[16 Nov 2025, 11:29:32] 404: Lesson image /images/lesson_images/guitar.jpg not found[16 Nov 2025, 11:29:54] GET /collections/lessons
[16 Nov 2025, 11:29:54] 404: Lesson image /images/lesson_images/guitar.jpg not found[16 Nov 2025, 11:30:23] GET /collections/lessons
[16 Nov 2025, 11:30:23] GET /collections/lessons
[16 Nov 2025, 11:30:23] 404: Lesson image /images/lesson_images/guitar.jpg not found[16 Nov 2025, 11:30:23] 404: Lesson image /images/lesson_images/guitar.jpg not found[16 Nov 2025, 11:30:26] GET /collections/lessons
[16 Nov 2025, 11:30:26] GET /collections/lessons
[16 Nov 2025, 11:30:26] 404: Lesson image /images/lesson_images/guitar.jpg not found[16 Nov 2025, 11:30:26] 404: Lesson image /images/lesson_images/guitar.jpg not found[16 Nov 2025, 11:32:02] GET /collections/lessons
[16 Nov 2025, 11:32:02] GET /collections/lessons
[16 Nov 2025, 11:32:02] 404: Lesson image /images/lesson_images/guitar.jpg not found[16 Nov 2025, 11:32:02] 404: Lesson image /images/lesson_images/guitar.jpg not found[16 Nov 2025, 11:32:04] GET /collections/lessons
[16 Nov 2025, 11:32:05] GET /collections/lessons
[16 Nov 2025, 11:32:05] 404: Lesson image /images/lesson_images/guitar.jpg not found[16 Nov 2025, 11:32:05] 404: Lesson image /images/lesson_images/guitar.jpg not found[16 Nov 2025, 11:32:06] GET /collections/lessons
[16 Nov 2025, 11:32:06] GET /collections/lessons
[16 Nov 2025, 11:32:06] 404: Lesson image /images/lesson_images/guitar.jpg not found[16 Nov 2025, 11:32:06] 404: Lesson image /images/lesson_images/guitar.jpg not found[16 Nov 2025, 11:34:52] GET /collections/lessons
[16 Nov 2025, 11:34:52] GET /collections/lessons
[16 Nov 2025, 11:34:52] 404: Lesson image /images/lesson_images/guitar.jpg not found[16 Nov 2025, 11:34:52] 404: Lesson image /images/lesson_images/guitar.jpg not found[16 Nov 2025, 11:34:53] GET /collections/lessons
[16 Nov 2025, 11:34:54] GET /collections/lessons
[16 Nov 2025, 11:34:54] 404: Lesson image /images/lesson_images/guitar.jpg not found[16 Nov 2025, 11:34:54] 404: Lesson image /images/lesson_images/guitar.jpg not found[16 Nov 2025, 11:34:55] GET /collections/lessons
[16 Nov 2025, 11:34:55] GET /collections/lessons
[16 Nov 2025, 11:34:55] 404: Lesson image /images/lesson_images/guitar.jpg not found[16 Nov 2025, 11:34:55] 404: Lesson image /images/lesson_images/guitar.jpg not found[16 Nov 2025, 11:35:06] GET /collections/lessons
[16 Nov 2025, 11:35:06] GET /collections/lessons
[16 Nov 2025, 11:35:06] 404: Lesson image /images/lesson_images/guitar.jpg not found[16 Nov 2025, 11:35:07] 404: Lesson image /images/lesson_images/guitar.jpg not found[16 Nov 2025, 11:38:24] GET /collections/lessons
[16 Nov 2025, 11:38:25] GET /collections/lessons
[16 Nov 2025, 11:38:25] 404: Lesson image /images/lesson_images/guitar.jpg not found[16 Nov 2025, 11:38:25] 404: Lesson image /images/lesson_images/guitar.jpg not found[16 Nov 2025, 11:38:27] GET /collections/lessons
[16 Nov 2025, 11:38:27] GET /collections/lessons
[16 Nov 2025, 11:38:27] 404: Lesson image /images/lesson_images/guitar.jpg not found[16 Nov 2025, 11:38:27] 404: Lesson image /images/lesson_images/guitar.jpg not found[16 Nov 2025, 11:38:53] GET /collections/lessons
[16 Nov 2025, 11:38:53] GET /collections/lessons
[16 Nov 2025, 11:38:53] 404: Lesson image /images/lesson_images/guitar.jpg not found[16 Nov 2025, 11:38:53] 404: Lesson image /images/lesson_images/guitar.jpg not found[16 Nov 2025, 11:38:56] GET /collections/lessons
[16 Nov 2025, 11:38:56] GET /collections/lessons
[16 Nov 2025, 11:38:56] 404: Lesson image /images/lesson_images/guitar.jpg not found[16 Nov 2025, 11:38:56] 404: Lesson image /images/lesson_images/guitar.jpg not found[16 Nov 2025, 11:39:03] GET /collections/lessons
[16 Nov 2025, 11:39:03] GET /collections/lessons
[16 Nov 2025, 11:39:03] 404: Lesson image /images/lesson_images/guitar.jpg not found[16 Nov 2025, 11:39:03] 404: Lesson image /images/lesson_images/guitar.jpg not found[16 Nov 2025, 11:39:05] GET /collections/lessons
[16 Nov 2025, 11:39:05] GET /collections/lessons
[16 Nov 2025, 11:39:05] 404: Lesson image /images/lesson_images/guitar.jpg not found[16 Nov 2025, 11:39:05] 404: Lesson image /images/lesson_images/guitar.jpg not found[16 Nov 2025, 11:39:09] GET /collections/lessons
[16 Nov 2025, 11:39:09] GET /collections/lessons
[16 Nov 2025, 11:39:09] 404: Lesson image /images/lesson_images/guitar.jpg not found[16 Nov 2025, 11:39:09] 404: Lesson image /images/lesson_images/guitar.jpg not found[16 Nov 2025, 11:39:18] GET /collections/lessons
[16 Nov 2025, 11:39:18] GET /collections/lessons
[16 Nov 2025, 11:39:18] 404: Lesson image /images/lesson_images/guitar.jpg not found[16 Nov 2025, 11:39:18] 404: Lesson image /images/lesson_images/guitar.jpg not found[16 Nov 2025, 11:39:22] GET /collections/lessons
[16 Nov 2025, 11:39:23] GET /collections/lessons
[16 Nov 2025, 11:39:23] 404: Lesson image /images/lesson_images/guitar.jpg not found[16 Nov 2025, 11:39:23] 404: Lesson image /images/lesson_images/guitar.jpg not found[16 Nov 2025, 11:39:32] GET /collections/lessons
[16 Nov 2025, 11:39:32] GET /collections/lessons
[16 Nov 2025, 11:39:32] 404: Lesson image /images/lesson_images/guitar.jpg not found[16 Nov 2025, 11:39:32] 404: Lesson image /images/lesson_images/guitar.jpg not found[16 Nov 2025, 11:39:36] GET /collections/lessons
[16 Nov 2025, 11:39:36] GET /collections/lessons
[16 Nov 2025, 11:39:36] 404: Lesson image /images/lesson_images/guitar.jpg not found[16 Nov 2025, 11:39:36] 404: Lesson image /images/lesson_images/guitar.jpg not found[16 Nov 2025, 11:39:37] GET /collections/lessons
[16 Nov 2025, 11:39:38] GET /collections/lessons
[16 Nov 2025, 11:39:38] 404: Lesson image /images/lesson_images/guitar.jpg not found[16 Nov 2025, 11:39:38] 404: Lesson image /images/lesson_images/guitar.jpg not found[16 Nov 2025, 11:41:10] GET /collections/lessons
[16 Nov 2025, 11:41:10] GET /collections/lessons
[16 Nov 2025, 11:41:10] 404: Lesson image /images/lesson_images/guitar.jpg not found[16 Nov 2025, 11:41:10] 404: Lesson image /images/lesson_images/guitar.jpg not found[16 Nov 2025, 11:41:12] GET /collections/lessons
[16 Nov 2025, 11:41:12] GET /collections/lessons
[16 Nov 2025, 11:41:12] 404: Lesson image /images/lesson_images/guitar.jpg not found[16 Nov 2025, 11:41:12] 404: Lesson image /images/lesson_images/guitar.jpg not found[16 Nov 2025, 11:42:58] GET /collections/lessons
[16 Nov 2025, 11:42:58] GET /collections/lessons
[16 Nov 2025, 11:42:58] 404: Lesson image /images/lesson_images/guitar.jpg not found[16 Nov 2025, 11:42:58] 404: Lesson image /images/lesson_images/guitar.jpg not found[16 Nov 2025, 11:43:31] GET /collections/lessons
[16 Nov 2025, 11:43:31] GET /collections/lessons
[16 Nov 2025, 11:43:31] 404: Lesson image /images/lesson_images/guitar.jpg not found[16 Nov 2025, 11:43:31] 404: Lesson image /images/lesson_images/guitar.jpg not found[16 Nov 2025, 11:43:33] GET /collections/lessons
[16 Nov 2025, 11:43:33] GET /collections/lessons
[16 Nov 2025, 11:43:33] 404: Lesson image /images/lesson_images/guitar.jpg not found[16 Nov 2025, 11:43:33] 404: Lesson image /images/lesson_images/guitar.jpg not found[16 Nov 2025, 11:43:34] GET /collections/lessons
[16 Nov 2025, 11:43:34] GET /collections/lessons
[16 Nov 2025, 11:43:34] 404: Lesson image /images/lesson_images/guitar.jpg not found[16 Nov 2025, 11:43:35] 404: Lesson image /images/lesson_images/guitar.jpg not found[16 Nov 2025, 11:43:38] GET /collections/lessons
[16 Nov 2025, 11:43:38] GET /collections/lessons
[16 Nov 2025, 11:43:38] 404: Lesson image /images/lesson_images/guitar.jpg not found[16 Nov 2025, 11:43:38] 404: Lesson image /images/lesson_images/guitar.jpg not found[16 Nov 2025, 11:43:40] GET /collections/lessons
[16 Nov 2025, 11:43:41] GET /collections/lessons
[16 Nov 2025, 11:43:41] 404: Lesson image /images/lesson_images/guitar.jpg not found[16 Nov 2025, 11:43:41] 404: Lesson image /images/lesson_images/guitar.jpg not found[16 Nov 2025, 11:43:42] GET /collections/lessons
[16 Nov 2025, 11:43:42] GET /collections/lessons
[16 Nov 2025, 11:43:42] 404: Lesson image /images/lesson_images/guitar.jpg not found[16 Nov 2025, 11:43:42] 404: Lesson image /images/lesson_images/guitar.jpg not found[16 Nov 2025, 11:43:46] GET /collections/lessons
[16 Nov 2025, 11:43:46] GET /collections/lessons
[16 Nov 2025, 11:43:46] 404: Lesson image /images/lesson_images/guitar.jpg not found[16 Nov 2025, 11:43:46] 404: Lesson image /images/lesson_images/guitar.jpg not found[16 Nov 2025, 11:43:50] GET /collections/lessons
[16 Nov 2025, 11:43:50] GET /collections/lessons
[16 Nov 2025, 11:43:50] 404: Lesson image /images/lesson_images/guitar.jpg not found[16 Nov 2025, 11:43:50] 404: Lesson image /images/lesson_images/guitar.jpg not found[16 Nov 2025, 11:43:52] GET /collections/lessons
[16 Nov 2025, 11:43:52] GET /collections/lessons
[16 Nov 2025, 11:43:52] 404: Lesson image /images/lesson_images/guitar.jpg not found[16 Nov 2025, 11:43:53] 404: Lesson image /images/lesson_images/guitar.jpg not found[16 Nov 2025, 11:45:08] GET /collections/lessons
[16 Nov 2025, 11:45:09] GET /collections/lessons
[16 Nov 2025, 11:45:09] 404: Lesson image /images/lesson_images/guitar.jpg not found[16 Nov 2025, 11:45:09] 404: Lesson image /images/lesson_images/guitar.jpg not found[16 Nov 2025, 11:45:22] GET /collections/lessons
[16 Nov 2025, 11:45:22] GET /collections/lessons
[16 Nov 2025, 11:45:22] 404: Lesson image /images/lesson_images/guitar.jpg not found[16 Nov 2025, 11:45:22] 404: Lesson image /images/lesson_images/guitar.jpg not found[16 Nov 2025, 11:45:26] GET /collections/lessons
[16 Nov 2025, 11:45:26] GET /collections/lessons
[16 Nov 2025, 11:45:26] 404: Lesson image /images/lesson_images/guitar.jpg not found[16 Nov 2025, 11:45:27] 404: Lesson image /images/lesson_images/guitar.jpg not found[16 Nov 2025, 11:45:28] GET /collections/lessons
[16 Nov 2025, 11:45:29] GET /collections/lessons
[16 Nov 2025, 11:45:29] 404: Lesson image /images/lesson_images/guitar.jpg not found[16 Nov 2025, 11:45:29] 404: Lesson image /images/lesson_images/guitar.jpg not found[16 Nov 2025, 11:45:30] GET /collections/lessons
[16 Nov 2025, 11:45:30] GET /collections/lessons
[16 Nov 2025, 11:45:30] 404: Lesson image /images/lesson_images/guitar.jpg not found[16 Nov 2025, 11:45:30] 404: Lesson image /images/lesson_images/guitar.jpg not found[16 Nov 2025, 11:45:31] GET /collections/lessons
[16 Nov 2025, 11:45:31] GET /collections/lessons
[16 Nov 2025, 11:45:31] 404: Lesson image /images/lesson_images/guitar.jpg not found[16 Nov 2025, 11:45:31] 404: Lesson image /images/lesson_images/guitar.jpg not found[16 Nov 2025, 11:45:36] GET /collections/lessons
[16 Nov 2025, 11:45:36] GET /collections/lessons
[16 Nov 2025, 11:45:36] 404: Lesson image /images/lesson_images/guitar.jpg not found[16 Nov 2025, 11:45:36] 404: Lesson image /images/lesson_images/guitar.jpg not found[16 Nov 2025, 11:45:39] GET /collections/lessons
[16 Nov 2025, 11:45:39] GET /collections/lessons
[16 Nov 2025, 11:45:39] 404: Lesson image /images/lesson_images/guitar.jpg not found[16 Nov 2025, 11:45:39] 404: Lesson image /images/lesson_images/guitar.jpg not found[16 Nov 2025, 11:45:41] GET /collections/lessons
[16 Nov 2025, 11:45:41] GET /collections/lessons
[16 Nov 2025, 11:45:41] 404: Lesson image /images/lesson_images/guitar.jpg not found[16 Nov 2025, 11:45:42] 404: Lesson image /images/lesson_images/guitar.jpg not found[16 Nov 2025, 11:45:45] GET /collections/lessons
[16 Nov 2025, 11:45:46] GET /collections/lessons
[16 Nov 2025, 11:45:46] 404: Lesson image /images/lesson_images/guitar.jpg not found[16 Nov 2025, 11:45:46] 404: Lesson image /images/lesson_images/guitar.jpg not found[16 Nov 2025, 11:46:12] GET /collections/lessons
[16 Nov 2025, 11:46:12] GET /collections/lessons
[16 Nov 2025, 11:46:12] 404: Lesson image /images/lesson_images/guitar.jpg not found[16 Nov 2025, 11:46:12] 404: Lesson image /images/lesson_images/guitar.jpg not found[16 Nov 2025, 11:46:15] GET /collections/lessons
[16 Nov 2025, 11:46:15] GET /collections/lessons
[16 Nov 2025, 11:46:15] 404: Lesson image /images/lesson_images/guitar.jpg not found[16 Nov 2025, 11:46:15] 404: Lesson image /images/lesson_images/guitar.jpg not found[16 Nov 2025, 11:46:16] GET /collections/lessons
[16 Nov 2025, 11:46:16] GET /collections/lessons
[16 Nov 2025, 11:46:16] 404: Lesson image /images/lesson_images/guitar.jpg not found[16 Nov 2025, 11:46:16] 404: Lesson image /images/lesson_images/guitar.jpg not found[16 Nov 2025, 11:46:20] GET /collections/lessons
[16 Nov 2025, 11:46:20] GET /collections/lessons
[16 Nov 2025, 11:46:20] 404: Lesson image /images/lesson_images/guitar.jpg not found[16 Nov 2025, 11:46:20] 404: Lesson image /images/lesson_images/guitar.jpg not found[16 Nov 2025, 11:46:21] GET /collections/lessons
[16 Nov 2025, 11:46:21] GET /collections/lessons
[16 Nov 2025, 11:46:22] 404: Lesson image /images/lesson_images/guitar.jpg not found[16 Nov 2025, 11:46:22] 404: Lesson image /images/lesson_images/guitar.jpg not found[16 Nov 2025, 11:46:22] GET /collections/lessons
[16 Nov 2025, 11:46:22] GET /collections/lessons
[16 Nov 2025, 11:46:22] 404: Lesson image /images/lesson_images/guitar.jpg not found[16 Nov 2025, 11:46:23] 404: Lesson image /images/lesson_images/guitar.jpg not found[16 Nov 2025, 11:46:45] GET /collections/lessons
[16 Nov 2025, 11:46:45] GET /collections/lessons
[16 Nov 2025, 11:46:45] 404: Lesson image /images/lesson_images/guitar.jpg not found[16 Nov 2025, 11:46:45] 404: Lesson image /images/lesson_images/guitar.jpg not found[16 Nov 2025, 11:46:56] GET /collections/lessons
[16 Nov 2025, 11:46:56] GET /collections/lessons
[16 Nov 2025, 11:46:56] 404: Lesson image /images/lesson_images/guitar.jpg not found[16 Nov 2025, 11:46:56] 404: Lesson image /images/lesson_images/guitar.jpg not found[16 Nov 2025, 11:47:03] GET /collections/lessons
[16 Nov 2025, 11:47:03] GET /collections/lessons
[16 Nov 2025, 11:47:03] 404: Lesson image /images/lesson_images/guitar.jpg not found[16 Nov 2025, 11:47:03] 404: Lesson image /images/lesson_images/guitar.jpg not found[16 Nov 2025, 11:47:07] GET /collections/lessons
[16 Nov 2025, 11:47:07] GET /collections/lessons
[16 Nov 2025, 11:47:07] 404: Lesson image /images/lesson_images/guitar.jpg not found[16 Nov 2025, 11:47:07] 404: Lesson image /images/lesson_images/guitar.jpg not found[16 Nov 2025, 11:48:44] GET /collections/lessons
[16 Nov 2025, 11:48:44] GET /collections/lessons
[16 Nov 2025, 11:48:44] 404: Lesson image /images/lesson_images/guitar.jpg not found[16 Nov 2025, 11:48:44] 404: Lesson image /images/lesson_images/guitar.jpg not found[16 Nov 2025, 11:48:49] GET /collections/lessons
[16 Nov 2025, 11:48:49] 404: Lesson image /images/lesson_images/guitar.jpg not found[16 Nov 2025, 11:48:49] GET /collections/lessons
[16 Nov 2025, 11:48:49] 404: Lesson image /images/lesson_images/guitar.jpg not found[16 Nov 2025, 11:51:03] GET /collections/lessons
[16 Nov 2025, 11:51:03] GET /collections/lessons
[16 Nov 2025, 11:51:03] 404: Lesson image /images/lesson_images/guitar.jpg not found[16 Nov 2025, 11:51:03] 404: Lesson image /images/lesson_images/guitar.jpg not found[16 Nov 2025, 11:51:08] GET /collections/lessons
[16 Nov 2025, 11:51:08] GET /collections/lessons
[16 Nov 2025, 11:51:08] 404: Lesson image /images/lesson_images/guitar.jpg not found[16 Nov 2025, 11:51:08] 404: Lesson image /images/lesson_images/guitar.jpg not found[16 Nov 2025, 11:51:14] GET /collections/lessons
[16 Nov 2025, 11:51:14] GET /collections/lessons
[16 Nov 2025, 11:51:14] 404: Lesson image /images/lesson_images/guitar.jpg not found[16 Nov 2025, 11:51:14] 404: Lesson image /images/lesson_images/guitar.jpg not found[16 Nov 2025, 11:51:16] GET /collections/lessons
[16 Nov 2025, 11:51:16] GET /collections/lessons
[16 Nov 2025, 11:51:16] 404: Lesson image /images/lesson_images/guitar.jpg not found[16 Nov 2025, 11:51:16] 404: Lesson image /images/lesson_images/guitar.jpg not found[16 Nov 2025, 11:51:17] GET /collections/lessons
[16 Nov 2025, 11:51:17] GET /collections/lessons
[16 Nov 2025, 11:51:17] 404: Lesson image /images/lesson_images/guitar.jpg not found[16 Nov 2025, 11:51:17] 404: Lesson image /images/lesson_images/guitar.jpg not found[16 Nov 2025, 11:51:55] GET /collections/lessons
[16 Nov 2025, 11:51:55] GET /collections/lessons
[16 Nov 2025, 11:51:55] 404: Lesson image /images/lesson_images/guitar.jpg not found[16 Nov 2025, 11:51:55] 404: Lesson image /images/lesson_images/guitar.jpg not found[16 Nov 2025, 11:52:10] GET /collections/lessons
[16 Nov 2025, 11:52:11] GET /collections/lessons
[16 Nov 2025, 11:52:11] 404: Lesson image /images/lesson_images/guitar.jpg not found[16 Nov 2025, 11:52:11] 404: Lesson image /images/lesson_images/guitar.jpg not found[16 Nov 2025, 11:52:13] GET /collections/lessons
[16 Nov 2025, 11:52:13] GET /collections/lessons
[16 Nov 2025, 11:52:13] 404: Lesson image /images/lesson_images/guitar.jpg not found[16 Nov 2025, 11:52:13] 404: Lesson image /images/lesson_images/guitar.jpg not found[16 Nov 2025, 11:52:20] GET /collections/lessons
[16 Nov 2025, 11:52:20] GET /collections/lessons
[16 Nov 2025, 11:52:20] 404: Lesson image /images/lesson_images/guitar.jpg not found[16 Nov 2025, 11:52:20] 404: Lesson image /images/lesson_images/guitar.jpg not found[16 Nov 2025, 11:52:22] GET /collections/lessons
[16 Nov 2025, 11:52:22] GET /collections/lessons
[16 Nov 2025, 11:52:22] 404: Lesson image /images/lesson_images/guitar.jpg not found[16 Nov 2025, 11:52:23] 404: Lesson image /images/lesson_images/guitar.jpg not found[16 Nov 2025, 11:52:29] GET /collections/lessons
[16 Nov 2025, 11:52:29] GET /collections/lessons
[16 Nov 2025, 11:52:29] 404: Lesson image /images/lesson_images/guitar.jpg not found[16 Nov 2025, 11:52:29] 404: Lesson image /images/lesson_images/guitar.jpg not found[16 Nov 2025, 11:52:35] GET /collections/lessons
[16 Nov 2025, 11:52:35] GET /collections/lessons
[16 Nov 2025, 11:52:35] 404: Lesson image /images/lesson_images/guitar.jpg not found[16 Nov 2025, 11:52:35] 404: Lesson image /images/lesson_images/guitar.jpg not found[16 Nov 2025, 11:52:43] GET /collections/lessons
[16 Nov 2025, 11:52:43] GET /collections/lessons
[16 Nov 2025, 11:52:43] 404: Lesson image /images/lesson_images/guitar.jpg not found[16 Nov 2025, 11:52:43] 404: Lesson image /images/lesson_images/guitar.jpg not found[16 Nov 2025, 11:52:45] GET /collections/lessons
[16 Nov 2025, 11:52:46] GET /collections/lessons
[16 Nov 2025, 11:52:46] 404: Lesson image /images/lesson_images/guitar.jpg not found[16 Nov 2025, 11:52:46] 404: Lesson image /images/lesson_images/guitar.jpg not found[16 Nov 2025, 11:53:00] GET /collections/lessons
[16 Nov 2025, 11:53:00] GET /collections/lessons
[16 Nov 2025, 11:53:00] 404: Lesson image /images/lesson_images/guitar.jpg not found[16 Nov 2025, 11:53:00] 404: Lesson image /images/lesson_images/guitar.jpg not found[16 Nov 2025, 11:53:49] GET /collections/lessons
[16 Nov 2025, 11:53:50] GET /collections/lessons
[16 Nov 2025, 11:53:50] 404: Lesson image /images/lesson_images/guitar.jpg not found[16 Nov 2025, 11:53:50] 404: Lesson image /images/lesson_images/guitar.jpg not found[16 Nov 2025, 11:54:05] GET /collections/lessons
[16 Nov 2025, 11:54:05] GET /collections/lessons
[16 Nov 2025, 11:54:05] 404: Lesson image /images/lesson_images/guitar.jpg not found[16 Nov 2025, 11:54:05] 404: Lesson image /images/lesson_images/guitar.jpg not found[16 Nov 2025, 11:54:09] GET /collections/lessons
[16 Nov 2025, 11:54:09] GET /collections/lessons
[16 Nov 2025, 11:54:09] 404: Lesson image /images/lesson_images/guitar.jpg not found[16 Nov 2025, 11:54:09] 404: Lesson image /images/lesson_images/guitar.jpg not found[16 Nov 2025, 11:54:15] GET /collections/lessons
[16 Nov 2025, 11:54:15] GET /collections/lessons
[16 Nov 2025, 11:54:15] 404: Lesson image /images/lesson_images/guitar.jpg not found[16 Nov 2025, 11:54:15] 404: Lesson image /images/lesson_images/guitar.jpg not found[16 Nov 2025, 12:02:20] GET /collections/lessons
[16 Nov 2025, 12:02:21] 404: Lesson image /images/lesson_images/guitar.jpg not found[16 Nov 2025, 12:02:24] 404: Lesson image /images/lesson_images/guitar.jpg not found[16 Nov 2025, 12:02:52] GET /collections/lessons
[16 Nov 2025, 12:02:52] 404: Lesson image /images/lesson_images/guitar.jpg not found[16 Nov 2025, 12:02:53] GET /collections/lessons
[16 Nov 2025, 12:02:53] 404: Lesson image /images/lesson_images/guitar.jpg not found[16 Nov 2025, 12:02:55] GET /collections/lessons
[16 Nov 2025, 12:02:55] 404: Lesson image /images/lesson_images/guitar.jpg not found[16 Nov 2025, 12:02:57] GET /collections/lessons
[16 Nov 2025, 12:02:57] 404: Lesson image /images/lesson_images/guitar.jpg not found[16 Nov 2025, 12:03:05] GET /collections/lessons
[16 Nov 2025, 12:03:05] 404: Lesson image /images/lesson_images/guitar.jpg not found[16 Nov 2025, 12:03:26] GET /collections/lessons
[16 Nov 2025, 12:03:27] 404: Lesson image /images/lesson_images/guitar.jpg not found[16 Nov 2025, 12:04:52] GET /collections/lessons
[16 Nov 2025, 12:04:52] 404: Lesson image /images/lesson_images/guitar.jpg not found[16 Nov 2025, 12:04:53] GET /collections/lessons
[16 Nov 2025, 12:04:54] 404: Lesson image /images/lesson_images/guitar.jpg not found[16 Nov 2025, 12:04:57] GET /collections/lessons
[16 Nov 2025, 12:04:57] 404: Lesson image /images/lesson_images/guitar.jpg not found[16 Nov 2025, 12:05:24] GET /collections/lessons
[16 Nov 2025, 12:05:24] 404: Lesson image /images/lesson_images/guitar.jpg not found[16 Nov 2025, 12:05:27] GET /collections/lessons
[16 Nov 2025, 12:05:27] 404: Lesson image /images/lesson_images/guitar.jpg not found[16 Nov 2025, 12:05:28] GET /collections/lessons
[16 Nov 2025, 12:05:28] 404: Lesson image /images/lesson_images/guitar.jpg not found[16 Nov 2025, 12:05:48] GET /collections/lessons
[16 Nov 2025, 12:05:48] 404: Lesson image /images/lesson_images/guitar.jpg not found[16 Nov 2025, 12:06:10] GET /collections/lessons
[16 Nov 2025, 12:06:10] 404: Lesson image /images/lesson_images/guitar.jpg not found[16 Nov 2025, 12:06:14] GET /collections/lessons
[16 Nov 2025, 12:06:14] 404: Lesson image /images/lesson_images/guitar.jpg not found[16 Nov 2025, 12:06:20] GET /collections/lessons
[16 Nov 2025, 12:06:21] 404: Lesson image /images/lesson_images/guitar.jpg not found[16 Nov 2025, 12:06:22] GET /collections/lessons
[16 Nov 2025, 12:06:22] 404: Lesson image /images/lesson_images/guitar.jpg not found[16 Nov 2025, 12:06:24] GET /collections/lessons
[16 Nov 2025, 12:06:24] 404: Lesson image /images/lesson_images/guitar.jpg not found[16 Nov 2025, 12:06:49] GET /collections/lessons
[16 Nov 2025, 12:06:49] 404: Lesson image /images/lesson_images/guitar.jpg not found[16 Nov 2025, 12:06:52] GET /collections/lessons
[16 Nov 2025, 12:06:52] 404: Lesson image /images/lesson_images/guitar.jpg not found[16 Nov 2025, 12:06:54] GET /collections/lessons
[16 Nov 2025, 12:06:54] 404: Lesson image /images/lesson_images/guitar.jpg not found[16 Nov 2025, 12:12:07] GET /collections/lessons
[16 Nov 2025, 12:12:07] 404: Lesson image /images/lesson_images/guitar.jpg not found[16 Nov 2025, 12:14:53] GET /collections/lessons
[16 Nov 2025, 12:14:53] 404: Lesson image /images/lesson_images/guitar.jpg not found[16 Nov 2025, 12:20:02] GET /collections/lessons
[16 Nov 2025, 12:20:02] 404: Lesson image /images/lesson_images/guitar.jpg not found[16 Nov 2025, 12:20:03] GET /collections/lessons
[16 Nov 2025, 12:20:04] 404: Lesson image /images/lesson_images/guitar.jpg not found[16 Nov 2025, 12:20:05] GET /collections/lessons
[16 Nov 2025, 12:20:05] 404: Lesson image /images/lesson_images/guitar.jpg not found[16 Nov 2025, 12:20:12] GET /collections/lessons
[16 Nov 2025, 12:20:12] 404: Lesson image /images/lesson_images/guitar.jpg not found[16 Nov 2025, 12:20:24] GET /collections/lessons
[16 Nov 2025, 12:20:24] 404: Lesson image /images/lesson_images/guitar.jpg not found[16 Nov 2025, 12:21:22] GET /collections/lessons
[16 Nov 2025, 12:21:22] 404: Lesson image /images/lesson_images/guitar.jpg not found[16 Nov 2025, 12:21:31] GET /collections/lessons
[16 Nov 2025, 12:21:31] 404: Lesson image /images/lesson_images/guitar.jpg not found[16 Nov 2025, 12:22:23] 404: Lesson image /images/lesson_images/guitar.jpg not found[16 Nov 2025, 12:22:25] 404: Lesson image /images/lesson_images/guitar.jpg not found[16 Nov 2025, 12:23:12] GET /collections/lessons
[16 Nov 2025, 12:23:13] 404: Lesson image /images/lesson_images/guitar.jpg not found[16 Nov 2025, 12:24:06] GET /collections/lessons
[16 Nov 2025, 12:24:06] 404: Lesson image /images/lesson_images/guitar.jpg not found[16 Nov 2025, 12:24:15] GET /collections/lessons
[16 Nov 2025, 12:24:15] 404: Lesson image /images/lesson_images/guitar.jpg not found[16 Nov 2025, 12:24:16] GET /collections/lessons
[16 Nov 2025, 12:24:17] 404: Lesson image /images/lesson_images/guitar.jpg not found[16 Nov 2025, 12:24:19] GET /collections/lessons
[16 Nov 2025, 12:24:19] 404: Lesson image /images/lesson_images/guitar.jpg not found[16 Nov 2025, 12:24:24] GET /collections/lessons
[16 Nov 2025, 12:24:24] 404: Lesson image /images/lesson_images/guitar.jpg not found[16 Nov 2025, 12:24:26] GET /collections/lessons
[16 Nov 2025, 12:24:26] 404: Lesson image /images/lesson_images/guitar.jpg not found[16 Nov 2025, 12:24:28] GET /collections/lessons
[16 Nov 2025, 12:24:29] 404: Lesson image /images/lesson_images/guitar.jpg not found[16 Nov 2025, 12:24:29] GET /collections/lessons
[16 Nov 2025, 12:24:30] 404: Lesson image /images/lesson_images/guitar.jpg not found[16 Nov 2025, 12:24:32] GET /collections/lessons
[16 Nov 2025, 12:24:32] 404: Lesson image /images/lesson_images/guitar.jpg not found[16 Nov 2025, 12:24:46] GET /collections/lessons
[16 Nov 2025, 12:24:46] 404: Lesson image /images/lesson_images/guitar.jpg not found[16 Nov 2025, 12:24:48] GET /collections/lessons
[16 Nov 2025, 12:24:48] 404: Lesson image /images/lesson_images/guitar.jpg not found[16 Nov 2025, 12:24:52] GET /collections/lessons
[16 Nov 2025, 12:24:52] 404: Lesson image /images/lesson_images/guitar.jpg not found[16 Nov 2025, 12:24:58] GET /collections/lessons
[16 Nov 2025, 12:24:59] 404: Lesson image /images/lesson_images/guitar.jpg not found[16 Nov 2025, 12:25:05] GET /collections/lessons
[16 Nov 2025, 12:25:05] 404: Lesson image /images/lesson_images/guitar.jpg not found[16 Nov 2025, 12:25:07] GET /collections/lessons
[16 Nov 2025, 12:25:07] 404: Lesson image /images/lesson_images/guitar.jpg not found[16 Nov 2025, 12:25:11] GET /collections/lessons
[16 Nov 2025, 12:25:11] 404: Lesson image /images/lesson_images/guitar.jpg not found[16 Nov 2025, 12:30:15] GET /collections/lessons
[16 Nov 2025, 12:30:15] 404: Lesson image /images/lesson_images/guitar.jpg not found[16 Nov 2025, 12:30:18] GET /collections/lessons
[16 Nov 2025, 12:30:18] 404: Lesson image /images/lesson_images/guitar.jpg not found[16 Nov 2025, 12:30:21] GET /collections/lessons
[16 Nov 2025, 12:30:22] 404: Lesson image /images/lesson_images/guitar.jpg not found[16 Nov 2025, 12:30:43] GET /collections/lessons
[16 Nov 2025, 12:30:43] 404: Lesson image /images/lesson_images/guitar.jpg not found[16 Nov 2025, 12:34:22] GET /collections/lessons
[16 Nov 2025, 12:34:22] 404: Lesson image /images/lesson_images/guitar.jpg not found[16 Nov 2025, 12:34:33] GET /collections/lessons
[16 Nov 2025, 12:34:33] 404: Lesson image /images/lesson_images/guitar.jpg not found[16 Nov 2025, 12:35:54] GET /collections/lessons
[16 Nov 2025, 12:35:54] 404: Lesson image /images/lesson_images/guitar.jpg not found[16 Nov 2025, 12:36:00] GET /collections/lessons
[16 Nov 2025, 12:36:00] 404: Lesson image /images/lesson_images/guitar.jpg not found[16 Nov 2025, 12:36:02] GET /collections/lessons
[16 Nov 2025, 12:36:02] 404: Lesson image /images/lesson_images/guitar.jpg not found[16 Nov 2025, 12:36:05] GET /collections/lessons
[16 Nov 2025, 12:36:05] 404: Lesson image /images/lesson_images/guitar.jpg not found[16 Nov 2025, 12:36:11] GET /collections/lessons
[16 Nov 2025, 12:36:12] 404: Lesson image /images/lesson_images/guitar.jpg not found[16 Nov 2025, 12:36:26] GET /collections/lessons
[16 Nov 2025, 12:36:26] 404: Lesson image /images/lesson_images/guitar.jpg not found[16 Nov 2025, 12:36:31] GET /collections/lessons
[16 Nov 2025, 12:36:31] 404: Lesson image /images/lesson_images/guitar.jpg not found[16 Nov 2025, 12:36:36] GET /collections/lessons
[16 Nov 2025, 12:36:36] 404: Lesson image /images/lesson_images/guitar.jpg not found[16 Nov 2025, 12:37:13] GET /collections/lessons
[16 Nov 2025, 12:37:13] 404: Lesson image /images/lesson_images/guitar.jpg not found[16 Nov 2025, 12:38:40] GET /collections/lessons
[16 Nov 2025, 12:38:40] 404: Lesson image /images/lesson_images/guitar.jpg not found[16 Nov 2025, 12:39:23] GET /collections/lessons
[16 Nov 2025, 12:39:23] 404: Lesson image /images/lesson_images/guitar.jpg not found[16 Nov 2025, 12:39:49] GET /collections/lessons
[16 Nov 2025, 12:39:49] 404: Lesson image /images/lesson_images/guitar.jpg not found[16 Nov 2025, 12:39:53] GET /collections/lessons
[16 Nov 2025, 12:39:53] 404: Lesson image /images/lesson_images/guitar.jpg not found[16 Nov 2025, 12:39:58] GET /collections/lessons
[16 Nov 2025, 12:39:58] 404: Lesson image /images/lesson_images/guitar.jpg not found[16 Nov 2025, 12:40:00] GET /collections/lessons
[16 Nov 2025, 12:40:00] 404: Lesson image /images/lesson_images/guitar.jpg not found[16 Nov 2025, 12:40:16] GET /collections/lessons
[16 Nov 2025, 12:40:16] 404: Lesson image /images/lesson_images/guitar.jpg not found[16 Nov 2025, 12:40:18] GET /collections/lessons
[16 Nov 2025, 12:40:18] 404: Lesson image /images/lesson_images/guitar.jpg not found[16 Nov 2025, 12:40:21] GET /collections/lessons
[16 Nov 2025, 12:40:21] 404: Lesson image /images/lesson_images/guitar.jpg not found[16 Nov 2025, 12:40:54] GET /collections/lessons
[16 Nov 2025, 12:40:54] 404: Lesson image /images/lesson_images/guitar.jpg not found[16 Nov 2025, 12:41:08] GET /collections/lessons
[16 Nov 2025, 12:41:08] 404: Lesson image /images/lesson_images/guitar.jpg not found[16 Nov 2025, 12:41:10] GET /collections/lessons
[16 Nov 2025, 12:41:10] 404: Lesson image /images/lesson_images/guitar.jpg not found[16 Nov 2025, 12:41:16] GET /collections/lessons
[16 Nov 2025, 12:41:16] 404: Lesson image /images/lesson_images/guitar.jpg not found[16 Nov 2025, 12:41:23] GET /collections/lessons
[16 Nov 2025, 12:41:23] 404: Lesson image /images/lesson_images/guitar.jpg not found[16 Nov 2025, 12:42:25] GET /collections/lessons
[16 Nov 2025, 12:42:25] 404: Lesson image /images/lesson_images/guitar.jpg not found[16 Nov 2025, 12:42:28] GET /collections/lessons
[16 Nov 2025, 12:42:28] 404: Lesson image /images/lesson_images/guitar.jpg not found[16 Nov 2025, 12:42:30] GET /collections/lessons
[16 Nov 2025, 12:42:30] 404: Lesson image /images/lesson_images/guitar.jpg not found[16 Nov 2025, 12:42:35] GET /collections/lessons
[16 Nov 2025, 12:42:35] 404: Lesson image /images/lesson_images/guitar.jpg not found[16 Nov 2025, 12:42:39] GET /collections/lessons
[16 Nov 2025, 12:42:39] 404: Lesson image /images/lesson_images/guitar.jpg not found[16 Nov 2025, 12:42:53] GET /collections/lessons
[16 Nov 2025, 12:42:53] 404: Lesson image /images/lesson_images/guitar.jpg not found[16 Nov 2025, 12:43:07] GET /collections/lessons
[16 Nov 2025, 12:43:07] 404: Lesson image /images/lesson_images/guitar.jpg not found[16 Nov 2025, 12:43:50] GET /collections/lessons
[16 Nov 2025, 12:43:50] 404: Lesson image /images/lesson_images/guitar.jpg not found[16 Nov 2025, 12:43:51] GET /collections/lessons
[16 Nov 2025, 12:43:51] 404: Lesson image /images/lesson_images/guitar.jpg not found[16 Nov 2025, 12:44:09] GET /collections/lessons
[16 Nov 2025, 12:44:09] 404: Lesson image /images/lesson_images/guitar.jpg not found[16 Nov 2025, 12:44:11] GET /collections/lessons
[16 Nov 2025, 12:44:11] 404: Lesson image /images/lesson_images/guitar.jpg not found[16 Nov 2025, 12:44:13] GET /collections/lessons
[16 Nov 2025, 12:44:13] 404: Lesson image /images/lesson_images/guitar.jpg not found[16 Nov 2025, 12:44:14] GET /collections/lessons
[16 Nov 2025, 12:44:14] 404: Lesson image /images/lesson_images/guitar.jpg not found[16 Nov 2025, 12:44:52] GET /collections/lessons
[16 Nov 2025, 12:44:52] 404: Lesson image /images/lesson_images/guitar.jpg not found[16 Nov 2025, 12:46:05] GET /collections/lessons
[16 Nov 2025, 12:46:05] 404: Lesson image /images/lesson_images/guitar.jpg not found[16 Nov 2025, 12:46:14] GET /collections/lessons
[16 Nov 2025, 12:46:14] 404: Lesson image /images/lesson_images/guitar.jpg not found[16 Nov 2025, 12:46:21] GET /collections/lessons
[16 Nov 2025, 12:46:21] 404: Lesson image /images/lesson_images/guitar.jpg not found[16 Nov 2025, 12:48:19] GET /collections/lessons
[16 Nov 2025, 12:48:19] 404: Lesson image /images/lesson_images/guitar.jpg not found[16 Nov 2025, 12:48:23] GET /collections/lessons
[16 Nov 2025, 12:48:23] 404: Lesson image /images/lesson_images/guitar.jpg not found[16 Nov 2025, 12:48:31] GET /collections/lessons
[16 Nov 2025, 12:48:32] 404: Lesson image /images/lesson_images/guitar.jpg not found[16 Nov 2025, 12:50:39] GET /collections/lessons
[16 Nov 2025, 12:50:39] 404: Lesson image /images/lesson_images/guitar.jpg not found[16 Nov 2025, 12:51:46] GET /collections/lessons
[16 Nov 2025, 12:51:46] 404: Lesson image /images/lesson_images/guitar.jpg not found[16 Nov 2025, 12:51:54] GET /collections/lessons
[16 Nov 2025, 12:51:54] 404: Lesson image /images/lesson_images/guitar.jpg not found[16 Nov 2025, 12:52:26] GET /collections/lessons
[16 Nov 2025, 12:52:26] 404: Lesson image /images/lesson_images/guitar.jpg not found[16 Nov 2025, 12:52:56] GET /collections/lessons
[16 Nov 2025, 12:52:56] 404: Lesson image /images/lesson_images/guitar.jpg not found[16 Nov 2025, 12:53:10] GET /collections/lessons
[16 Nov 2025, 12:53:10] 404: Lesson image /images/lesson_images/guitar.jpg not found[16 Nov 2025, 12:53:27] GET /collections/lessons
[16 Nov 2025, 12:53:28] 404: Lesson image /images/lesson_images/guitar.jpg not found[16 Nov 2025, 12:55:20] GET /collections/lessons
[16 Nov 2025, 12:55:20] 404: Lesson image /images/lesson_images/guitar.jpg not found[16 Nov 2025, 12:55:21] GET /collections/lessons
[16 Nov 2025, 12:55:21] 404: Lesson image /images/lesson_images/guitar.jpg not found[16 Nov 2025, 12:55:25] GET /collections/lessons
[16 Nov 2025, 12:55:25] 404: Lesson image /images/lesson_images/guitar.jpg not found[16 Nov 2025, 12:55:32] GET /collections/lessons
[16 Nov 2025, 12:55:32] 404: Lesson image /images/lesson_images/guitar.jpg not found[16 Nov 2025, 12:55:34] GET /collections/lessons
[16 Nov 2025, 12:55:34] 404: Lesson image /images/lesson_images/guitar.jpg not found[16 Nov 2025, 12:55:43] GET /collections/lessons
[16 Nov 2025, 12:55:43] 404: Lesson image /images/lesson_images/guitar.jpg not found[16 Nov 2025, 12:55:44] GET /collections/lessons
[16 Nov 2025, 12:55:44] 404: Lesson image /images/lesson_images/guitar.jpg not found[16 Nov 2025, 12:55:47] GET /collections/lessons
[16 Nov 2025, 12:55:47] 404: Lesson image /images/lesson_images/guitar.jpg not found[16 Nov 2025, 12:55:52] GET /collections/lessons
[16 Nov 2025, 12:55:52] 404: Lesson image /images/lesson_images/guitar.jpg not found[16 Nov 2025, 12:55:57] GET /collections/lessons
[16 Nov 2025, 12:55:57] 404: Lesson image /images/lesson_images/guitar.jpg not found[16 Nov 2025, 12:56:06] GET /collections/lessons
[16 Nov 2025, 12:56:06] 404: Lesson image /images/lesson_images/guitar.jpg not found[16 Nov 2025, 12:56:09] GET /collections/lessons
[16 Nov 2025, 12:56:09] 404: Lesson image /images/lesson_images/guitar.jpg not found[16 Nov 2025, 12:56:15] GET /collections/lessons
[16 Nov 2025, 12:56:15] 404: Lesson image /images/lesson_images/guitar.jpg not found[16 Nov 2025, 12:56:19] GET /collections/lessons
[16 Nov 2025, 12:56:20] 404: Lesson image /images/lesson_images/guitar.jpg not found[16 Nov 2025, 12:56:44] GET /collections/lessons
[16 Nov 2025, 12:56:44] 404: Lesson image /images/lesson_images/guitar.jpg not found[16 Nov 2025, 12:57:06] GET /collections/lessons
[16 Nov 2025, 12:57:06] 404: Lesson image /images/lesson_images/guitar.jpg not found[16 Nov 2025, 12:57:08] GET /collections/lessons
[16 Nov 2025, 12:57:08] 404: Lesson image /images/lesson_images/guitar.jpg not found[16 Nov 2025, 12:58:20] GET /collections/lessons
[16 Nov 2025, 12:58:20] 404: Lesson image /images/lesson_images/guitar.jpg not found[16 Nov 2025, 12:58:27] GET /collections/lessons
[16 Nov 2025, 12:58:28] 404: Lesson image /images/lesson_images/guitar.jpg not found[16 Nov 2025, 12:58:37] GET /collections/lessons
[16 Nov 2025, 12:58:37] 404: Lesson image /images/lesson_images/guitar.jpg not found[16 Nov 2025, 12:58:40] GET /collections/lessons
[16 Nov 2025, 12:58:40] 404: Lesson image /images/lesson_images/guitar.jpg not found[16 Nov 2025, 12:58:43] GET /collections/lessons
[16 Nov 2025, 12:58:43] 404: Lesson image /images/lesson_images/guitar.jpg not found[16 Nov 2025, 12:59:28] GET /collections/lessons
[16 Nov 2025, 12:59:28] 404: Lesson image /images/lesson_images/guitar.jpg not found[16 Nov 2025, 12:59:33] GET /collections/lessons
[16 Nov 2025, 12:59:33] 404: Lesson image /images/lesson_images/guitar.jpg not found[16 Nov 2025, 12:59:34] GET /collections/lessons
[16 Nov 2025, 12:59:35] 404: Lesson image /images/lesson_images/guitar.jpg not found[16 Nov 2025, 12:59:39] GET /collections/lessons
[16 Nov 2025, 12:59:39] 404: Lesson image /images/lesson_images/guitar.jpg not found[16 Nov 2025, 12:59:43] GET /collections/lessons
[16 Nov 2025, 12:59:43] 404: Lesson image /images/lesson_images/guitar.jpg not found[16 Nov 2025, 12:59:46] GET /collections/lessons
[16 Nov 2025, 12:59:46] 404: Lesson image /images/lesson_images/guitar.jpg not found[16 Nov 2025, 13:00:29] GET /collections/lessons
[16 Nov 2025, 13:00:29] 404: Lesson image /images/lesson_images/guitar.jpg not found[16 Nov 2025, 13:00:35] GET /collections/lessons
[16 Nov 2025, 13:00:35] 404: Lesson image /images/lesson_images/guitar.jpg not found[16 Nov 2025, 13:04:06] GET /collections/lessons
[16 Nov 2025, 13:04:06] 404: Lesson image /images/lesson_images/guitar.jpg not found[16 Nov 2025, 13:04:10] GET /collections/lessons
[16 Nov 2025, 13:04:11] 404: Lesson image /images/lesson_images/guitar.jpg not found[16 Nov 2025, 13:04:12] GET /collections/lessons
[16 Nov 2025, 13:04:13] 404: Lesson image /images/lesson_images/guitar.jpg not found[16 Nov 2025, 13:04:15] GET /collections/lessons
[16 Nov 2025, 13:04:15] 404: Lesson image /images/lesson_images/guitar.jpg not found[16 Nov 2025, 13:04:17] GET /collections/lessons
[16 Nov 2025, 13:04:17] 404: Lesson image /images/lesson_images/guitar.jpg not found[16 Nov 2025, 13:04:41] GET /collections/lessons
[16 Nov 2025, 13:04:41] 404: Lesson image /images/lesson_images/guitar.jpg not found[16 Nov 2025, 13:04:46] GET /collections/lessons
[16 Nov 2025, 13:04:46] 404: Lesson image /images/lesson_images/guitar.jpg not found[16 Nov 2025, 13:05:11] GET /collections/lessons
[16 Nov 2025, 13:05:11] 404: Lesson image /images/lesson_images/guitar.jpg not found[16 Nov 2025, 13:05:15] GET /collections/lessons
[16 Nov 2025, 13:05:15] 404: Lesson image /images/lesson_images/guitar.jpg not found[16 Nov 2025, 13:05:17] GET /collections/lessons
[16 Nov 2025, 13:05:17] 404: Lesson image /images/lesson_images/guitar.jpg not found[16 Nov 2025, 13:05:22] GET /collections/lessons
[16 Nov 2025, 13:05:23] 404: Lesson image /images/lesson_images/guitar.jpg not found[16 Nov 2025, 13:05:28] GET /collections/lessons
[16 Nov 2025, 13:05:28] 404: Lesson image /images/lesson_images/guitar.jpg not found[16 Nov 2025, 13:05:31] GET /collections/lessons
[16 Nov 2025, 13:05:32] 404: Lesson image /images/lesson_images/guitar.jpg not found[16 Nov 2025, 13:05:41] GET /collections/lessons
[16 Nov 2025, 13:05:41] 404: Lesson image /images/lesson_images/guitar.jpg not found[16 Nov 2025, 13:06:08] GET /collections/lessons
[16 Nov 2025, 13:06:08] 404: Lesson image /images/lesson_images/guitar.jpg not found[16 Nov 2025, 13:06:22] GET /collections/lessons
[16 Nov 2025, 13:06:23] 404: Lesson image /images/lesson_images/guitar.jpg not found[16 Nov 2025, 13:06:28] GET /collections/lessons
[16 Nov 2025, 13:06:28] 404: Lesson image /images/lesson_images/guitar.jpg not found[16 Nov 2025, 13:06:29] GET /collections/lessons
[16 Nov 2025, 13:06:29] 404: Lesson image /images/lesson_images/guitar.jpg not found[16 Nov 2025, 13:06:48] GET /collections/lessons
[16 Nov 2025, 13:06:48] 404: Lesson image /images/lesson_images/guitar.jpg not found[16 Nov 2025, 13:06:54] GET /collections/lessons
[16 Nov 2025, 13:06:54] 404: Lesson image /images/lesson_images/guitar.jpg not found[16 Nov 2025, 13:06:58] GET /collections/lessons
[16 Nov 2025, 13:06:58] 404: Lesson image /images/lesson_images/guitar.jpg not found[16 Nov 2025, 13:07:00] GET /collections/lessons
[16 Nov 2025, 13:07:00] 404: Lesson image /images/lesson_images/guitar.jpg not found[16 Nov 2025, 13:07:07] GET /collections/lessons
[16 Nov 2025, 13:07:07] 404: Lesson image /images/lesson_images/guitar.jpg not found[16 Nov 2025, 13:07:53] GET /collections/lessons
[16 Nov 2025, 13:07:53] 404: Lesson image /images/lesson_images/guitar.jpg not found[16 Nov 2025, 13:08:29] GET /collections/lessons
[16 Nov 2025, 13:08:29] 404: Lesson image /images/lesson_images/guitar.jpg not found[16 Nov 2025, 13:08:39] GET /collections/lessons
[16 Nov 2025, 13:08:39] 404: Lesson image /images/lesson_images/guitar.jpg not found[16 Nov 2025, 13:09:01] GET /collections/lessons
[16 Nov 2025, 13:09:01] 404: Lesson image /images/lesson_images/guitar.jpg not found[16 Nov 2025, 13:41:08] GET /collections/lessons
[16 Nov 2025, 13:41:10] 404: Lesson image /images/lesson_images/guitar.jpg not found[16 Nov 2025, 13:41:24] GET /collections/lessons
[16 Nov 2025, 13:41:24] 404: Lesson image /images/lesson_images/guitar.jpg not found[16 Nov 2025, 13:45:42] GET /collections/lessons
[16 Nov 2025, 13:45:42] 404: Lesson image /images/lesson_images/guitar.jpg not found[16 Nov 2025, 13:45:51] GET /collections/lessons
[16 Nov 2025, 13:45:51] 404: Lesson image /images/lesson_images/guitar.jpg not found[16 Nov 2025, 13:45:52] GET /collections/lessons
[16 Nov 2025, 13:45:52] 404: Lesson image /images/lesson_images/guitar.jpg not found[16 Nov 2025, 13:45:53] GET /collections/lessons
[16 Nov 2025, 13:45:53] 404: Lesson image /images/lesson_images/guitar.jpg not found[16 Nov 2025, 13:48:41] GET /collections/lessons
[16 Nov 2025, 13:48:41] 404: Lesson image /images/lesson_images/guitar.jpg not found[16 Nov 2025, 13:48:44] GET /collections/lessons
[16 Nov 2025, 13:48:44] 404: Lesson image /images/lesson_images/guitar.jpg not found[16 Nov 2025, 13:48:58] GET /collections/lessons
[16 Nov 2025, 13:48:58] 404: Lesson image /images/lesson_images/guitar.jpg not found[16 Nov 2025, 13:49:02] GET /collections/lessons
[16 Nov 2025, 13:49:02] 404: Lesson image /images/lesson_images/guitar.jpg not found[16 Nov 2025, 13:49:08] GET /collections/lessons
[16 Nov 2025, 13:49:08] 404: Lesson image /images/lesson_images/guitar.jpg not found[16 Nov 2025, 13:49:09] GET /collections/lessons
[16 Nov 2025, 13:49:09] 404: Lesson image /images/lesson_images/guitar.jpg not found[16 Nov 2025, 13:49:12] GET /collections/lessons
[16 Nov 2025, 13:49:12] 404: Lesson image /images/lesson_images/guitar.jpg not found[16 Nov 2025, 13:49:20] GET /collections/lessons
[16 Nov 2025, 13:49:20] 404: Lesson image /images/lesson_images/guitar.jpg not found[16 Nov 2025, 13:49:31] GET /collections/lessons
[16 Nov 2025, 13:49:31] 404: Lesson image /images/lesson_images/guitar.jpg not found[16 Nov 2025, 13:49:33] GET /collections/lessons
[16 Nov 2025, 13:49:33] 404: Lesson image /images/lesson_images/guitar.jpg not found[16 Nov 2025, 13:49:35] GET /collections/lessons
[16 Nov 2025, 13:49:35] 404: Lesson image /images/lesson_images/guitar.jpg not found[16 Nov 2025, 13:49:49] GET /collections/lessons
[16 Nov 2025, 13:49:49] 404: Lesson image /images/lesson_images/guitar.jpg not found[16 Nov 2025, 13:49:52] GET /collections/lessons
[16 Nov 2025, 13:49:52] 404: Lesson image /images/lesson_images/guitar.jpg not found[16 Nov 2025, 13:50:02] GET /collections/lessons
[16 Nov 2025, 13:50:02] 404: Lesson image /images/lesson_images/guitar.jpg not found[16 Nov 2025, 13:50:06] GET /collections/lessons
[16 Nov 2025, 13:50:06] 404: Lesson image /images/lesson_images/guitar.jpg not found[16 Nov 2025, 13:50:35] GET /collections/lessons
[16 Nov 2025, 13:50:35] 404: Lesson image /images/lesson_images/guitar.jpg not found[16 Nov 2025, 13:50:41] GET /collections/lessons
[16 Nov 2025, 13:50:41] 404: Lesson image /images/lesson_images/guitar.jpg not found[16 Nov 2025, 13:53:26] GET /collections/lessons
[16 Nov 2025, 13:53:26] 404: Lesson image /images/lesson_images/guitar.jpg not found[16 Nov 2025, 13:53:40] GET /collections/lessons
[16 Nov 2025, 13:53:40] 404: Lesson image /images/lesson_images/guitar.jpg not found[16 Nov 2025, 13:53:57] POST /orders
[16 Nov 2025, 13:55:18] GET /collections/lessons
[16 Nov 2025, 13:55:18] 404: Lesson image /images/lesson_images/guitar.jpg not found[16 Nov 2025, 13:55:37] POST /collections/orders
[16 Nov 2025, 13:56:09] GET /collections/lessons
[16 Nov 2025, 13:56:09] 404: Lesson image /images/lesson_images/guitar.jpg not found[16 Nov 2025, 13:56:10] GET /collections/lessons
[16 Nov 2025, 13:56:10] 404: Lesson image /images/lesson_images/guitar.jpg not found[16 Nov 2025, 13:56:12] GET /collections/lessons
[16 Nov 2025, 13:56:12] 404: Lesson image /images/lesson_images/guitar.jpg not found[16 Nov 2025, 13:56:22] POST /collections/place-order
[16 Nov 2025, 13:58:46] POST /collections/place-order
[16 Nov 2025, 14:12:08] POST /collections/place-order
[16 Nov 2025, 14:13:40] POST /collections/place-order
[16 Nov 2025, 14:13:42] POST /collections/place-order
[16 Nov 2025, 14:14:32] POST /collections/place-order
[16 Nov 2025, 14:16:03] POST /collections/place-order
[16 Nov 2025, 14:23:57] GET /collections/lessons
[16 Nov 2025, 14:23:57] 404: Lesson image /images/lesson_images/guitar.jpg not found[16 Nov 2025, 14:24:15] GET /collections/lessons
[16 Nov 2025, 14:24:15] 404: Lesson image /images/lesson_images/guitar.jpg not found[16 Nov 2025, 14:24:16] GET /collections/lessons
[16 Nov 2025, 14:24:16] 404: Lesson image /images/lesson_images/guitar.jpg not found[16 Nov 2025, 14:24:25] GET /collections/lessons
[16 Nov 2025, 14:24:25] 404: Lesson image /images/lesson_images/guitar.jpg not found[16 Nov 2025, 14:24:37] GET /collections/lessons
[16 Nov 2025, 14:24:37] 404: Lesson image /images/lesson_images/guitar.jpg not found[16 Nov 2025, 14:24:50] GET /collections/lessons
[16 Nov 2025, 14:24:51] 404: Lesson image /images/lesson_images/guitar.jpg not found[16 Nov 2025, 14:24:56] GET /collections/lessons
[16 Nov 2025, 14:24:56] 404: Lesson image /images/lesson_images/guitar.jpg not found[16 Nov 2025, 14:25:32] GET /collections/lessons
[16 Nov 2025, 14:25:32] 404: Lesson image /images/lesson_images/guitar.jpg not found[16 Nov 2025, 14:25:33] GET /collections/lessons
[16 Nov 2025, 14:25:33] 404: Lesson image /images/lesson_images/guitar.jpg not found[16 Nov 2025, 14:25:40] GET /collections/lessons
[16 Nov 2025, 14:25:40] 404: Lesson image /images/lesson_images/guitar.jpg not found[16 Nov 2025, 14:25:45] GET /collections/lessons
[16 Nov 2025, 14:25:45] 404: Lesson image /images/lesson_images/guitar.jpg not found[16 Nov 2025, 14:25:48] GET /collections/lessons
[16 Nov 2025, 14:25:49] 404: Lesson image /images/lesson_images/guitar.jpg not found[16 Nov 2025, 14:25:53] POST /checkout/place-order
[16 Nov 2025, 14:26:13] GET /collections/lessons
[16 Nov 2025, 14:26:13] 404: Lesson image /images/lesson_images/guitar.jpg not found[16 Nov 2025, 14:26:14] GET /collections/lessons
[16 Nov 2025, 14:26:15] 404: Lesson image /images/lesson_images/guitar.jpg not found[16 Nov 2025, 14:26:16] GET /collections/lessons
[16 Nov 2025, 14:26:16] 404: Lesson image /images/lesson_images/guitar.jpg not found[16 Nov 2025, 14:44:12] GET /collections/lessons
[16 Nov 2025, 14:44:12] 404: Lesson image /images/lesson_images/guitar.jpg not found[16 Nov 2025, 14:44:18] GET /collections/lessons
[16 Nov 2025, 14:44:18] 404: Lesson image /images/lesson_images/guitar.jpg not found[16 Nov 2025, 14:44:26] GET /collections/lessons
[16 Nov 2025, 14:44:26] 404: Lesson image /images/lesson_images/guitar.jpg not found[16 Nov 2025, 14:44:29] GET /collections/lessons
[16 Nov 2025, 14:44:29] 404: Lesson image /images/lesson_images/guitar.jpg not found[16 Nov 2025, 14:48:01] GET /collections/lessons
[16 Nov 2025, 14:48:01] 404: Lesson image /images/lesson_images/guitar.jpg not found[16 Nov 2025, 14:48:29] GET /collections/lessons
[16 Nov 2025, 14:48:29] 404: Lesson image /images/lesson_images/guitar.jpg not found[16 Nov 2025, 14:48:30] GET /collections/lessons
[16 Nov 2025, 14:48:30] 404: Lesson image /images/lesson_images/guitar.jpg not found[16 Nov 2025, 14:48:38] GET /collections/lessons
[16 Nov 2025, 14:48:38] 404: Lesson image /images/lesson_images/guitar.jpg not found[16 Nov 2025, 14:48:47] GET /collections/lessons
[16 Nov 2025, 14:48:47] 404: Lesson image /images/lesson_images/guitar.jpg not found[16 Nov 2025, 14:48:54] GET /collections/lessons
[16 Nov 2025, 14:48:55] 404: Lesson image /images/lesson_images/guitar.jpg not found[16 Nov 2025, 14:48:56] GET /collections/lessons
[16 Nov 2025, 14:48:56] 404: Lesson image /images/lesson_images/guitar.jpg not found[16 Nov 2025, 14:50:59] GET /collections/lessons
[16 Nov 2025, 14:51:00] 404: Lesson image /images/lesson_images/guitar.jpg not found[16 Nov 2025, 14:51:04] GET /collections/lessons
[16 Nov 2025, 14:51:05] 404: Lesson image /images/lesson_images/guitar.jpg not found[16 Nov 2025, 14:51:27] GET /collections/lessons
[16 Nov 2025, 14:51:27] 404: Lesson image /images/lesson_images/guitar.jpg not found[16 Nov 2025, 14:51:33] GET /collections/lessons
[16 Nov 2025, 14:51:33] 404: Lesson image /images/lesson_images/guitar.jpg not found[16 Nov 2025, 14:51:36] GET /collections/lessons
[16 Nov 2025, 14:51:36] 404: Lesson image /images/lesson_images/guitar.jpg not found[16 Nov 2025, 14:51:42] GET /collections/lessons
[16 Nov 2025, 14:51:42] 404: Lesson image /images/lesson_images/guitar.jpg not found[16 Nov 2025, 14:51:47] GET /collections/lessons
[16 Nov 2025, 14:51:47] 404: Lesson image /images/lesson_images/guitar.jpg not found[16 Nov 2025, 14:51:53] GET /collections/lessons
[16 Nov 2025, 14:51:53] 404: Lesson image /images/lesson_images/guitar.jpg not found[16 Nov 2025, 14:51:56] GET /collections/lessons
[16 Nov 2025, 14:51:56] 404: Lesson image /images/lesson_images/guitar.jpg not found[16 Nov 2025, 14:52:00] GET /collections/lessons
[16 Nov 2025, 14:52:00] 404: Lesson image /images/lesson_images/guitar.jpg not found[16 Nov 2025, 14:52:02] GET /collections/lessons
[16 Nov 2025, 14:52:03] 404: Lesson image /images/lesson_images/guitar.jpg not found[16 Nov 2025, 14:52:28] GET /collections/lessons
[16 Nov 2025, 14:52:28] 404: Lesson image /images/lesson_images/guitar.jpg not found[16 Nov 2025, 14:52:41] GET /collections/lessons
[16 Nov 2025, 14:52:42] 404: Lesson image /images/lesson_images/guitar.jpg not found[16 Nov 2025, 14:54:53] GET /collections/lessons
[16 Nov 2025, 14:54:53] 404: Lesson image /images/lesson_images/guitar.jpg not found[16 Nov 2025, 14:55:01] GET /collections/lessons
[16 Nov 2025, 14:55:01] 404: Lesson image /images/lesson_images/guitar.jpg not found[16 Nov 2025, 14:55:39] GET /collections/lessons
[16 Nov 2025, 14:55:39] 404: Lesson image /images/lesson_images/guitar.jpg not found[16 Nov 2025, 14:58:59] GET /collections/lessons
[16 Nov 2025, 14:58:59] 404: Lesson image /images/lesson_images/guitar.jpg not found[16 Nov 2025, 14:59:00] GET /collections/lessons
[16 Nov 2025, 14:59:01] 404: Lesson image /images/lesson_images/guitar.jpg not found[16 Nov 2025, 14:59:28] GET /collections/lessons
[16 Nov 2025, 14:59:28] 404: Lesson image /images/lesson_images/guitar.jpg not found[16 Nov 2025, 14:59:33] GET /collections/lessons
[16 Nov 2025, 14:59:33] 404: Lesson image /images/lesson_images/guitar.jpg not found[16 Nov 2025, 14:59:35] GET /collections/lessons
[16 Nov 2025, 14:59:35] 404: Lesson image /images/lesson_images/guitar.jpg not found[16 Nov 2025, 14:59:38] GET /collections/lessons
[16 Nov 2025, 14:59:38] 404: Lesson image /images/lesson_images/guitar.jpg not found[16 Nov 2025, 14:59:41] GET /collections/lessons
[16 Nov 2025, 14:59:41] 404: Lesson image /images/lesson_images/guitar.jpg not found[16 Nov 2025, 15:05:58] GET /collections/lessons
[16 Nov 2025, 15:05:58] 404: Lesson image /images/lesson_images/guitar.jpg not found[16 Nov 2025, 15:06:03] GET /collections/lessons
[16 Nov 2025, 15:06:03] 404: Lesson image /images/lesson_images/guitar.jpg not found[16 Nov 2025, 15:06:11] GET /collections/lessons
[16 Nov 2025, 15:06:11] 404: Lesson image /images/lesson_images/guitar.jpg not found[16 Nov 2025, 15:06:14] GET /collections/lessons
[16 Nov 2025, 15:06:14] 404: Lesson image /images/lesson_images/guitar.jpg not found[16 Nov 2025, 15:06:33] GET /collections/lessons
[16 Nov 2025, 15:06:33] 404: Lesson image /images/lesson_images/guitar.jpg not found[16 Nov 2025, 15:06:38] GET /collections/lessons
[16 Nov 2025, 15:06:38] 404: Lesson image /images/lesson_images/guitar.jpg not found[16 Nov 2025, 15:06:51] GET /collections/lessons
[16 Nov 2025, 15:06:52] 404: Lesson image /images/lesson_images/guitar.jpg not found[16 Nov 2025, 15:19:00] GET /collections/lessons
[16 Nov 2025, 15:19:00] 404: Lesson image /images/lesson_images/guitar.jpg not found[16 Nov 2025, 15:20:27] GET /collections/lessons
[16 Nov 2025, 15:20:27] 404: Lesson image /images/lesson_images/guitar.jpg not found[16 Nov 2025, 15:20:33] GET /collections/lessons
[16 Nov 2025, 15:20:33] 404: Lesson image /images/lesson_images/guitar.jpg not found[16 Nov 2025, 15:21:01] GET /collections/lessons
[16 Nov 2025, 15:21:01] 404: Lesson image /images/lesson_images/guitar.jpg not found[16 Nov 2025, 15:21:03] GET /collections/lessons
[16 Nov 2025, 15:21:04] 404: Lesson image /images/lesson_images/guitar.jpg not found[16 Nov 2025, 15:21:38] GET /collections/lessons
[16 Nov 2025, 15:21:38] 404: Lesson image /images/lesson_images/guitar.jpg not found[16 Nov 2025, 15:22:00] GET /collections/lessons
[16 Nov 2025, 15:22:04] GET /collections/lessons
[16 Nov 2025, 15:22:04] 404: Lesson image /images/lesson_images/guitar.jpg not found[16 Nov 2025, 15:28:53] GET /collections/lessons
[16 Nov 2025, 15:28:53] 404: Lesson image /images/lesson_images/guitar.jpg not found[16 Nov 2025, 15:28:54] GET /collections/lessons
[16 Nov 2025, 15:28:54] 404: Lesson image /images/lesson_images/guitar.jpg not found[16 Nov 2025, 15:29:06] GET /collections/lessons
[16 Nov 2025, 15:29:06] 404: Lesson image /images/lesson_images/guitar.jpg not found[16 Nov 2025, 15:29:08] GET /collections/lessons
[16 Nov 2025, 15:29:08] 404: Lesson image /images/lesson_images/guitar.jpg not found[16 Nov 2025, 15:29:10] GET /collections/lessons
[16 Nov 2025, 15:29:10] 404: Lesson image /images/lesson_images/guitar.jpg not found[16 Nov 2025, 15:29:16] GET /collections/lessons
[16 Nov 2025, 15:29:16] 404: Lesson image /images/lesson_images/guitar.jpg not found[16 Nov 2025, 15:29:23] GET /collections/lessons
[16 Nov 2025, 15:29:23] 404: Lesson image /images/lesson_images/guitar.jpg not found[16 Nov 2025, 15:29:25] GET /collections/lessons
[16 Nov 2025, 15:29:25] 404: Lesson image /images/lesson_images/guitar.jpg not found[16 Nov 2025, 15:31:00] GET /collections/lessons
[16 Nov 2025, 15:31:01] 404: Lesson image /images/lesson_images/guitar.jpg not found[16 Nov 2025, 15:31:08] GET /collections/lessons
[16 Nov 2025, 15:31:08] 404: Lesson image /images/lesson_images/guitar.jpg not found[16 Nov 2025, 15:31:09] GET /collections/lessons
[16 Nov 2025, 15:31:09] 404: Lesson image /images/lesson_images/guitar.jpg not found[16 Nov 2025, 15:31:46] GET /collections/lessons
[16 Nov 2025, 15:31:46] 404: Lesson image /images/lesson_images/guitar.jpg not found[16 Nov 2025, 15:32:01] GET /collections/lessons
[16 Nov 2025, 15:32:01] 404: Lesson image /images/lesson_images/guitar.jpg not found[16 Nov 2025, 15:32:03] GET /collections/lessons
[16 Nov 2025, 15:32:03] 404: Lesson image /images/lesson_images/guitar.jpg not found[16 Nov 2025, 15:32:22] GET /collections/lessons
[16 Nov 2025, 15:32:22] 404: Lesson image /images/lesson_images/guitar.jpg not found[16 Nov 2025, 15:32:33] GET /collections/lessons
[16 Nov 2025, 15:32:33] 404: Lesson image /images/lesson_images/guitar.jpg not found[16 Nov 2025, 15:33:34] GET /collections/lessons
[16 Nov 2025, 15:33:34] 404: Lesson image /images/lesson_images/guitar.jpg not found[16 Nov 2025, 15:33:42] GET /collections/lessons
[16 Nov 2025, 15:33:42] 404: Lesson image /images/lesson_images/guitar.jpg not found[16 Nov 2025, 15:33:58] GET /collections/lessons
[16 Nov 2025, 15:33:59] 404: Lesson image /images/lesson_images/guitar.jpg not found[16 Nov 2025, 15:35:11] GET /collections/lessons
[16 Nov 2025, 15:35:11] 404: Lesson image /images/lesson_images/guitar.jpg not found[16 Nov 2025, 15:35:13] GET /collections/lessons
[16 Nov 2025, 15:35:13] 404: Lesson image /images/lesson_images/guitar.jpg not found[16 Nov 2025, 15:35:43] GET /collections/lessons
[16 Nov 2025, 15:35:43] 404: Lesson image /images/lesson_images/guitar.jpg not found[16 Nov 2025, 15:40:45] GET /collections/lessons
[16 Nov 2025, 15:40:45] 404: Lesson image /images/lesson_images/guitar.jpg not found[16 Nov 2025, 15:40:48] GET /collections/lessons
[16 Nov 2025, 15:40:48] 404: Lesson image /images/lesson_images/guitar.jpg not found[16 Nov 2025, 15:41:33] GET /collections/lessons
[16 Nov 2025, 15:41:33] 404: Lesson image /images/lesson_images/guitar.jpg not found[16 Nov 2025, 15:41:41] GET /collections/lessons
[16 Nov 2025, 15:41:41] 404: Lesson image /images/lesson_images/guitar.jpg not found[16 Nov 2025, 15:42:45] GET /collections/lessons
[16 Nov 2025, 15:42:45] 404: Lesson image /images/lesson_images/guitar.jpg not found[16 Nov 2025, 15:42:48] GET /collections/lessons
[16 Nov 2025, 15:42:48] 404: Lesson image /images/lesson_images/guitar.jpg not found[16 Nov 2025, 15:43:05] GET /collections/lessons
[16 Nov 2025, 15:43:05] 404: Lesson image /images/lesson_images/guitar.jpg not found[16 Nov 2025, 15:43:18] GET /collections/lessons
[16 Nov 2025, 15:43:18] 404: Lesson image /images/lesson_images/guitar.jpg not found[16 Nov 2025, 15:43:19] GET /collections/lessons
[16 Nov 2025, 15:43:19] 404: Lesson image /images/lesson_images/guitar.jpg not found[16 Nov 2025, 15:43:37] GET /collections/lessons
[16 Nov 2025, 15:43:37] 404: Lesson image /images/lesson_images/guitar.jpg not found[16 Nov 2025, 15:43:51] GET /collections/lessons
[16 Nov 2025, 15:43:51] 404: Lesson image /images/lesson_images/guitar.jpg not found[16 Nov 2025, 15:54:29] GET /collections/lessons
[16 Nov 2025, 15:54:29] 404: Lesson image /images/lesson_images/guitar.jpg not found[16 Nov 2025, 15:59:15] GET /collections/lessons
[16 Nov 2025, 15:59:15] 404: Lesson image /images/lesson_images/guitar.jpg not found[16 Nov 2025, 15:59:35] GET /collections/lessons
[16 Nov 2025, 15:59:35] 404: Lesson image /images/lesson_images/guitar.jpg not found[16 Nov 2025, 16:00:02] GET /collections/lessons
[16 Nov 2025, 16:00:02] 404: Lesson image /images/lesson_images/guitar.jpg not found[16 Nov 2025, 16:02:58] GET /collections/lessons
[16 Nov 2025, 16:02:58] 404: Lesson image /images/lesson_images/guitar.jpg not found[16 Nov 2025, 16:03:01] GET /collections/lessons
[16 Nov 2025, 16:03:01] 404: Lesson image /images/lesson_images/guitar.jpg not found[16 Nov 2025, 16:03:24] GET /collections/lessons
[16 Nov 2025, 16:03:24] 404: Lesson image /images/lesson_images/guitar.jpg not found[16 Nov 2025, 16:03:51] GET /collections/lessons
[16 Nov 2025, 16:03:51] 404: Lesson image /images/lesson_images/guitar.jpg not found[16 Nov 2025, 16:04:15] GET /collections/lessons
[16 Nov 2025, 16:04:15] 404: Lesson image /images/lesson_images/guitar.jpg not found[16 Nov 2025, 16:04:29] GET /collections/lessons
[16 Nov 2025, 16:04:29] 404: Lesson image /images/lesson_images/guitar.jpg not found[16 Nov 2025, 16:04:45] GET /collections/lessons
[16 Nov 2025, 16:04:45] 404: Lesson image /images/lesson_images/guitar.jpg not found[16 Nov 2025, 16:04:48] GET /collections/lessons
[16 Nov 2025, 16:04:49] GET /collections/lessons
[16 Nov 2025, 16:04:49] 404: Lesson image /images/lesson_images/guitar.jpg not found[16 Nov 2025, 16:05:08] GET /collections/lessons
[16 Nov 2025, 16:05:08] 404: Lesson image /images/lesson_images/guitar.jpg not found[16 Nov 2025, 16:06:41] GET /collections/lessons
[16 Nov 2025, 16:06:42] 404: Lesson image /images/lesson_images/guitar.jpg not found[16 Nov 2025, 16:06:44] GET /collections/lessons
[16 Nov 2025, 16:06:44] 404: Lesson image /images/lesson_images/guitar.jpg not found[16 Nov 2025, 16:06:47] GET /collections/lessons
[16 Nov 2025, 16:06:47] 404: Lesson image /images/lesson_images/guitar.jpg not found[16 Nov 2025, 16:06:58] GET /collections/lessons
[16 Nov 2025, 16:06:58] 404: Lesson image /images/lesson_images/guitar.jpg not found[16 Nov 2025, 16:07:03] GET /collections/lessons
[16 Nov 2025, 16:07:03] 404: Lesson image /images/lesson_images/guitar.jpg not found[16 Nov 2025, 16:07:08] GET /collections/lessons
[16 Nov 2025, 16:07:08] 404: Lesson image /images/lesson_images/guitar.jpg not found[16 Nov 2025, 16:07:19] GET /collections/lessons
[16 Nov 2025, 16:07:19] 404: Lesson image /images/lesson_images/guitar.jpg not found[16 Nov 2025, 16:07:58] GET /collections/lessons
[16 Nov 2025, 16:07:58] 404: Lesson image /images/lesson_images/guitar.jpg not found[16 Nov 2025, 16:08:02] GET /collections/lessons
[16 Nov 2025, 16:08:03] 404: Lesson image /images/lesson_images/guitar.jpg not found[16 Nov 2025, 16:08:26] GET /collections/lessons
[16 Nov 2025, 16:08:26] 404: Lesson image /images/lesson_images/guitar.jpg not found[16 Nov 2025, 16:08:27] GET /collections/lessons
[16 Nov 2025, 16:08:27] 404: Lesson image /images/lesson_images/guitar.jpg not found[16 Nov 2025, 16:08:46] GET /collections/lessons
[16 Nov 2025, 16:08:46] 404: Lesson image /images/lesson_images/guitar.jpg not found[16 Nov 2025, 16:08:53] GET /collections/lessons
[16 Nov 2025, 16:08:54] GET /collections/lessons
[16 Nov 2025, 16:08:54] 404: Lesson image /images/lesson_images/guitar.jpg not found[16 Nov 2025, 16:09:00] GET /collections/lessons
[16 Nov 2025, 16:09:00] 404: Lesson image /images/lesson_images/guitar.jpg not found[16 Nov 2025, 16:09:02] GET /collections/lessons
[16 Nov 2025, 16:09:02] 404: Lesson image /images/lesson_images/guitar.jpg not found[16 Nov 2025, 16:09:09] GET /collections/lessons
[16 Nov 2025, 16:09:09] 404: Lesson image /images/lesson_images/guitar.jpg not found[16 Nov 2025, 16:09:12] GET /collections/lessons
[16 Nov 2025, 16:09:12] 404: Lesson image /images/lesson_images/guitar.jpg not found[16 Nov 2025, 16:09:17] GET /collections/lessons
[16 Nov 2025, 16:09:17] 404: Lesson image /images/lesson_images/guitar.jpg not found[16 Nov 2025, 16:10:01] GET /collections/lessons
[16 Nov 2025, 16:10:02] 404: Lesson image /images/lesson_images/guitar.jpg not found[16 Nov 2025, 16:10:20] GET /collections/lessons
[16 Nov 2025, 16:10:20] 404: Lesson image /images/lesson_images/guitar.jpg not found[16 Nov 2025, 16:10:21] GET /collections/lessons
[16 Nov 2025, 16:10:21] 404: Lesson image /images/lesson_images/guitar.jpg not found[16 Nov 2025, 16:10:26] GET /collections/lessons
[16 Nov 2025, 16:10:26] 404: Lesson image /images/lesson_images/guitar.jpg not found[16 Nov 2025, 16:10:33] GET /collections/lessons
[16 Nov 2025, 16:10:34] 404: Lesson image /images/lesson_images/guitar.jpg not found[16 Nov 2025, 16:11:02] GET /collections/lessons
[16 Nov 2025, 16:11:03] 404: Lesson image /images/lesson_images/guitar.jpg not found[16 Nov 2025, 16:11:04] GET /collections/lessons
[16 Nov 2025, 16:11:04] 404: Lesson image /images/lesson_images/guitar.jpg not found[16 Nov 2025, 16:11:06] GET /collections/lessons
[16 Nov 2025, 16:11:06] 404: Lesson image /images/lesson_images/guitar.jpg not found[16 Nov 2025, 16:11:17] GET /collections/lessons
[16 Nov 2025, 16:11:17] 404: Lesson image /images/lesson_images/guitar.jpg not found[16 Nov 2025, 16:11:24] GET /collections/lessons
[16 Nov 2025, 16:11:24] 404: Lesson image /images/lesson_images/guitar.jpg not found[16 Nov 2025, 16:11:27] GET /collections/lessons
[16 Nov 2025, 16:11:27] 404: Lesson image /images/lesson_images/guitar.jpg not found[16 Nov 2025, 16:11:29] GET /collections/lessons
[16 Nov 2025, 16:11:29] 404: Lesson image /images/lesson_images/guitar.jpg not found[16 Nov 2025, 16:11:34] GET /collections/lessons
[16 Nov 2025, 16:11:34] 404: Lesson image /images/lesson_images/guitar.jpg not found[16 Nov 2025, 16:11:36] GET /collections/lessons
[16 Nov 2025, 16:11:37] 404: Lesson image /images/lesson_images/guitar.jpg not found[16 Nov 2025, 16:11:46] GET /collections/lessons
[16 Nov 2025, 16:11:47] 404: Lesson image /images/lesson_images/guitar.jpg not found[16 Nov 2025, 16:11:54] GET /collections/lessons
[16 Nov 2025, 16:11:54] 404: Lesson image /images/lesson_images/guitar.jpg not found[16 Nov 2025, 16:11:55] GET /collections/lessons
[16 Nov 2025, 16:11:55] 404: Lesson image /images/lesson_images/guitar.jpg not found[16 Nov 2025, 16:11:58] GET /collections/lessons
[16 Nov 2025, 16:11:58] 404: Lesson image /images/lesson_images/guitar.jpg not found[16 Nov 2025, 16:11:59] GET /collections/lessons
[16 Nov 2025, 16:11:59] 404: Lesson image /images/lesson_images/guitar.jpg not found[16 Nov 2025, 16:12:24] GET /collections/lessons
[16 Nov 2025, 16:12:24] 404: Lesson image /images/lesson_images/guitar.jpg not found[16 Nov 2025, 16:12:26] GET /collections/lessons
[16 Nov 2025, 16:12:26] 404: Lesson image /images/lesson_images/guitar.jpg not found[16 Nov 2025, 16:12:35] GET /collections/lessons
[16 Nov 2025, 16:12:35] 404: Lesson image /images/lesson_images/guitar.jpg not found[16 Nov 2025, 16:12:56] GET /collections/lessons
[16 Nov 2025, 16:12:56] 404: Lesson image /images/lesson_images/guitar.jpg not found[16 Nov 2025, 16:13:07] GET /collections/lessons
[16 Nov 2025, 16:13:07] 404: Lesson image /images/lesson_images/guitar.jpg not found[16 Nov 2025, 16:13:48] GET /collections/lessons
[16 Nov 2025, 16:13:49] 404: Lesson image /images/lesson_images/guitar.jpg not found[16 Nov 2025, 16:15:38] GET /collections/lessons
[16 Nov 2025, 16:15:38] 404: Lesson image /images/lesson_images/guitar.jpg not found[16 Nov 2025, 16:15:46] GET /collections/lessons
[16 Nov 2025, 16:15:47] 404: Lesson image /images/lesson_images/guitar.jpg not found[16 Nov 2025, 16:15:50] GET /collections/lessons
[16 Nov 2025, 16:15:50] 404: Lesson image /images/lesson_images/guitar.jpg not found[16 Nov 2025, 16:15:54] GET /collections/lessons
[16 Nov 2025, 16:15:54] 404: Lesson image /images/lesson_images/guitar.jpg not found[16 Nov 2025, 16:15:56] GET /collections/lessons
[16 Nov 2025, 16:15:56] 404: Lesson image /images/lesson_images/guitar.jpg not found[16 Nov 2025, 16:16:44] GET /collections/lessons
[16 Nov 2025, 16:16:45] 404: Lesson image /images/lesson_images/guitar.jpg not found[16 Nov 2025, 16:16:54] GET /collections/lessons
[16 Nov 2025, 16:16:54] 404: Lesson image /images/lesson_images/guitar.jpg not found[16 Nov 2025, 16:17:05] GET /collections/lessons
[16 Nov 2025, 16:17:05] 404: Lesson image /images/lesson_images/guitar.jpg not found[16 Nov 2025, 16:17:08] GET /collections/lessons
[16 Nov 2025, 16:17:08] 404: Lesson image /images/lesson_images/guitar.jpg not found[16 Nov 2025, 16:17:14] GET /collections/lessons
[16 Nov 2025, 16:17:14] 404: Lesson image /images/lesson_images/guitar.jpg not found[16 Nov 2025, 16:17:22] GET /collections/lessons
[16 Nov 2025, 16:17:22] 404: Lesson image /images/lesson_images/guitar.jpg not found[16 Nov 2025, 16:24:19] GET /collections/lessons
[16 Nov 2025, 16:24:19] 404: Lesson image /images/lesson_images/guitar.jpg not found[16 Nov 2025, 16:26:35] GET /collections/lessons
[16 Nov 2025, 16:26:35] 404: Lesson image /images/lesson_images/guitar.jpg not found[16 Nov 2025, 16:27:10] GET /collections/lessons
[16 Nov 2025, 16:27:10] 404: Lesson image /images/lesson_images/guitar.jpg not found[16 Nov 2025, 16:29:39] GET /collections/lessons
[16 Nov 2025, 16:29:39] 404: Lesson image /images/lesson_images/guitar.jpg not found[16 Nov 2025, 16:29:54] GET /collections/lessons
[16 Nov 2025, 16:29:54] 404: Lesson image /images/lesson_images/guitar.jpg not found[16 Nov 2025, 16:31:14] GET /collections/lessons
[16 Nov 2025, 16:31:14] 404: Lesson image /images/lesson_images/guitar.jpg not found[16 Nov 2025, 16:31:17] GET /collections/lessons
[16 Nov 2025, 16:31:17] 404: Lesson image /images/lesson_images/guitar.jpg not found[16 Nov 2025, 16:31:53] GET /collections/lessons
[16 Nov 2025, 16:31:53] 404: Lesson image /images/lesson_images/guitar.jpg not found[16 Nov 2025, 16:31:57] GET /collections/lessons
[16 Nov 2025, 16:31:57] 404: Lesson image /images/lesson_images/guitar.jpg not found[16 Nov 2025, 16:32:15] GET /collections/lessons
[16 Nov 2025, 16:32:16] 404: Lesson image /images/lesson_images/guitar.jpg not found[16 Nov 2025, 16:33:40] GET /collections/lessons
[16 Nov 2025, 16:33:40] 404: Lesson image /images/lesson_images/guitar.jpg not found[16 Nov 2025, 16:33:42] GET /collections/lessons
[16 Nov 2025, 16:33:42] 404: Lesson image /images/lesson_images/guitar.jpg not found[16 Nov 2025, 16:33:43] GET /collections/lessons
[16 Nov 2025, 16:33:44] 404: Lesson image /images/lesson_images/guitar.jpg not found[16 Nov 2025, 16:33:46] GET /collections/lessons
[16 Nov 2025, 16:33:46] 404: Lesson image /images/lesson_images/guitar.jpg not found[16 Nov 2025, 16:34:03] GET /collections/lessons
[16 Nov 2025, 16:34:03] 404: Lesson image /images/lesson_images/guitar.jpg not found[16 Nov 2025, 16:34:07] GET /collections/lessons
[16 Nov 2025, 16:34:07] 404: Lesson image /images/lesson_images/guitar.jpg not found[16 Nov 2025, 16:34:10] GET /collections/lessons
[16 Nov 2025, 16:34:10] 404: Lesson image /images/lesson_images/guitar.jpg not found[16 Nov 2025, 16:34:12] GET /collections/lessons
[16 Nov 2025, 16:34:12] 404: Lesson image /images/lesson_images/guitar.jpg not found[16 Nov 2025, 16:34:25] GET /collections/lessons
[16 Nov 2025, 16:34:25] 404: Lesson image /images/lesson_images/guitar.jpg not found[16 Nov 2025, 16:34:26] GET /collections/lessons
[16 Nov 2025, 16:34:26] 404: Lesson image /images/lesson_images/guitar.jpg not found[16 Nov 2025, 16:34:28] GET /collections/lessons
[16 Nov 2025, 16:34:28] 404: Lesson image /images/lesson_images/guitar.jpg not found[16 Nov 2025, 16:34:31] GET /collections/lessons
[16 Nov 2025, 16:34:31] 404: Lesson image /images/lesson_images/guitar.jpg not found[16 Nov 2025, 16:35:04] GET /collections/lessons
[16 Nov 2025, 16:35:04] 404: Lesson image /images/lesson_images/guitar.jpg not found[16 Nov 2025, 16:36:24] GET /collections/lessons
[16 Nov 2025, 16:36:24] 404: Lesson image /images/lesson_images/guitar.jpg not found[16 Nov 2025, 16:36:30] GET /collections/lessons
[16 Nov 2025, 16:36:30] 404: Lesson image /images/lesson_images/guitar.jpg not found[16 Nov 2025, 16:36:37] GET /collections/lessons
[16 Nov 2025, 16:36:37] 404: Lesson image /images/lesson_images/guitar.jpg not found[16 Nov 2025, 16:36:49] GET /collections/lessons
[16 Nov 2025, 16:36:49] 404: Lesson image /images/lesson_images/guitar.jpg not found[16 Nov 2025, 16:37:19] GET /collections/lessons
[16 Nov 2025, 16:37:19] 404: Lesson image /images/lesson_images/guitar.jpg not found[16 Nov 2025, 16:37:23] GET /collections/lessons
[16 Nov 2025, 16:37:23] 404: Lesson image /images/lesson_images/guitar.jpg not found[16 Nov 2025, 16:37:26] GET /collections/lessons
[16 Nov 2025, 16:37:26] 404: Lesson image /images/lesson_images/guitar.jpg not found[16 Nov 2025, 16:37:37] GET /collections/lessons
[16 Nov 2025, 16:37:38] 404: Lesson image /images/lesson_images/guitar.jpg not found[16 Nov 2025, 16:37:42] GET /collections/lessons
[16 Nov 2025, 16:37:43] 404: Lesson image /images/lesson_images/guitar.jpg not found[16 Nov 2025, 16:37:46] GET /collections/lessons
[16 Nov 2025, 16:37:46] 404: Lesson image /images/lesson_images/guitar.jpg not found[16 Nov 2025, 16:38:20] GET /collections/lessons
[16 Nov 2025, 16:38:23] GET /collections/lessons
[16 Nov 2025, 16:38:23] 404: Lesson image /images/lesson_images/guitar.jpg not found[16 Nov 2025, 16:38:48] GET /collections/lessons
[16 Nov 2025, 16:38:50] GET /collections/lessons
[16 Nov 2025, 16:38:50] 404: Lesson image /images/lesson_images/guitar.jpg not found[16 Nov 2025, 16:38:53] GET /collections/lessons
[16 Nov 2025, 16:38:53] 404: Lesson image /images/lesson_images/guitar.jpg not found[16 Nov 2025, 16:38:56] GET /collections/lessons
[16 Nov 2025, 16:38:56] 404: Lesson image /images/lesson_images/guitar.jpg not found[16 Nov 2025, 16:39:15] GET /collections/lessons
[16 Nov 2025, 16:39:15] 404: Lesson image /images/lesson_images/guitar.jpg not found[16 Nov 2025, 16:39:43] GET /collections/lessons
[16 Nov 2025, 16:39:44] 404: Lesson image /images/lesson_images/guitar.jpg not found[16 Nov 2025, 16:39:50] GET /collections/lessons
[16 Nov 2025, 16:39:50] 404: Lesson image /images/lesson_images/guitar.jpg not found[16 Nov 2025, 16:39:52] GET /collections/lessons
[16 Nov 2025, 16:39:52] 404: Lesson image /images/lesson_images/guitar.jpg not found[16 Nov 2025, 16:39:55] GET /collections/lessons
[16 Nov 2025, 16:39:55] 404: Lesson image /images/lesson_images/guitar.jpg not found[16 Nov 2025, 16:39:58] GET /collections/lessons
[16 Nov 2025, 16:39:58] 404: Lesson image /images/lesson_images/guitar.jpg not found[16 Nov 2025, 16:40:08] GET /collections/lessons
[16 Nov 2025, 16:40:09] 404: Lesson image /images/lesson_images/guitar.jpg not found[16 Nov 2025, 16:40:16] GET /collections/lessons
[16 Nov 2025, 16:40:16] 404: Lesson image /images/lesson_images/guitar.jpg not found[16 Nov 2025, 16:40:26] GET /collections/lessons
[16 Nov 2025, 16:40:26] 404: Lesson image /images/lesson_images/guitar.jpg not found[16 Nov 2025, 16:40:51] GET /collections/lessons
[16 Nov 2025, 16:40:51] 404: Lesson image /images/lesson_images/guitar.jpg not found[16 Nov 2025, 16:40:54] GET /collections/lessons
[16 Nov 2025, 16:40:55] 404: Lesson image /images/lesson_images/guitar.jpg not found[16 Nov 2025, 16:40:57] GET /collections/lessons
[16 Nov 2025, 16:40:57] 404: Lesson image /images/lesson_images/guitar.jpg not found[16 Nov 2025, 16:41:01] GET /collections/lessons
[16 Nov 2025, 16:41:01] 404: Lesson image /images/lesson_images/guitar.jpg not found[16 Nov 2025, 16:41:05] GET /collections/lessons
[16 Nov 2025, 16:41:05] 404: Lesson image /images/lesson_images/guitar.jpg not found[16 Nov 2025, 16:41:08] GET /collections/lessons
[16 Nov 2025, 16:41:08] 404: Lesson image /images/lesson_images/guitar.jpg not found[16 Nov 2025, 16:41:09] GET /collections/lessons
[16 Nov 2025, 16:41:09] 404: Lesson image /images/lesson_images/guitar.jpg not found[16 Nov 2025, 16:41:12] GET /collections/lessons
[16 Nov 2025, 16:41:12] 404: Lesson image /images/lesson_images/guitar.jpg not found[16 Nov 2025, 16:41:25] GET /collections/lessons
[16 Nov 2025, 16:41:25] 404: Lesson image /images/lesson_images/guitar.jpg not found[16 Nov 2025, 16:41:29] GET /collections/lessons
[16 Nov 2025, 16:41:29] 404: Lesson image /images/lesson_images/guitar.jpg not found[16 Nov 2025, 16:41:31] GET /collections/lessons
[16 Nov 2025, 16:41:31] 404: Lesson image /images/lesson_images/guitar.jpg not found[16 Nov 2025, 16:41:41] GET /collections/lessons
[16 Nov 2025, 16:41:41] 404: Lesson image /images/lesson_images/guitar.jpg not found[16 Nov 2025, 16:42:28] GET /collections/lessons
[16 Nov 2025, 16:42:28] 404: Lesson image /images/lesson_images/guitar.jpg not found[16 Nov 2025, 16:43:21] GET /collections/lessons
[16 Nov 2025, 16:43:21] 404: Lesson image /images/lesson_images/guitar.jpg not found[16 Nov 2025, 16:43:35] GET /collections/lessons
[16 Nov 2025, 16:43:36] 404: Lesson image /images/lesson_images/guitar.jpg not found[16 Nov 2025, 16:44:36] GET /collections/lessons
[16 Nov 2025, 16:44:36] 404: Lesson image /images/lesson_images/guitar.jpg not found[16 Nov 2025, 16:44:49] GET /collections/lessons
[16 Nov 2025, 16:44:49] 404: Lesson image /images/lesson_images/guitar.jpg not found[16 Nov 2025, 16:44:50] GET /collections/lessons
[16 Nov 2025, 16:44:51] 404: Lesson image /images/lesson_images/guitar.jpg not found[16 Nov 2025, 16:45:54] GET /collections/lessons
[16 Nov 2025, 16:45:54] 404: Lesson image /images/lesson_images/guitar.jpg not found[16 Nov 2025, 16:45:58] GET /collections/lessons
[16 Nov 2025, 16:45:58] 404: Lesson image /images/lesson_images/guitar.jpg not found[16 Nov 2025, 16:46:13] GET /collections/lessons
[16 Nov 2025, 16:46:13] 404: Lesson image /images/lesson_images/guitar.jpg not found[16 Nov 2025, 16:52:40] GET /collections/lessons
[16 Nov 2025, 16:52:40] 404: Lesson image /images/lesson_images/guitar.jpg not found[16 Nov 2025, 17:53:55] GET /collections/lessons
[16 Nov 2025, 17:53:55] 404: Lesson image /images/lesson_images/guitar.jpg not found[16 Nov 2025, 17:54:01] GET /collections/lessons
[16 Nov 2025, 17:54:01] 404: Lesson image /images/lesson_images/guitar.jpg not found[16 Nov 2025, 17:54:02] GET /collections/lessons
[16 Nov 2025, 17:54:02] 404: Lesson image /images/lesson_images/guitar.jpg not found[16 Nov 2025, 17:54:20] GET /collections/lessons
[16 Nov 2025, 17:54:20] 404: Lesson image /images/lesson_images/guitar.jpg not found[16 Nov 2025, 17:54:30] GET /collections/lessons
[16 Nov 2025, 17:54:30] 404: Lesson image /images/lesson_images/guitar.jpg not found[16 Nov 2025, 17:54:31] GET /collections/lessons
[16 Nov 2025, 17:54:31] 404: Lesson image /images/lesson_images/guitar.jpg not found[16 Nov 2025, 17:54:43] POST /checkout/place-order
[16 Nov 2025, 17:57:10] POST /checkout/place-order
[16 Nov 2025, 17:59:18] POST /checkout/place-order
[16 Nov 2025, 18:03:23] GET /collections/lessons
[16 Nov 2025, 18:03:23] 404: Lesson image /images/lesson_images/guitar.jpg not found[16 Nov 2025, 18:08:12] GET /collections/lessons
[16 Nov 2025, 18:08:12] 404: Lesson image /images/lesson_images/guitar.jpg not found[16 Nov 2025, 18:08:58] GET /collections/lessons
[16 Nov 2025, 18:08:58] 404: Lesson image /images/lesson_images/guitar.jpg not found[16 Nov 2025, 18:09:01] GET /collections/lessons
[16 Nov 2025, 18:09:01] 404: Lesson image /images/lesson_images/guitar.jpg not found[16 Nov 2025, 18:09:03] GET /collections/lessons
[16 Nov 2025, 18:09:03] 404: Lesson image /images/lesson_images/guitar.jpg not found[16 Nov 2025, 18:09:06] GET /collections/lessons
[16 Nov 2025, 18:09:06] 404: Lesson image /images/lesson_images/guitar.jpg not found[16 Nov 2025, 18:10:10] GET /collections/lessons
[16 Nov 2025, 18:10:10] 404: Lesson image /images/lesson_images/guitar.jpg not found[16 Nov 2025, 18:12:13] GET /collections/lessons
[16 Nov 2025, 18:12:13] 404: Lesson image /images/lesson_images/guitar.jpg not found[16 Nov 2025, 18:18:42] 404: Lesson image /images/lesson_images/guitar.jpg not found[16 Nov 2025, 18:18:53] 404: Lesson image /images/lesson_images/guitar.jpg not found[16 Nov 2025, 18:28:58] GET /collections/lessons
[16 Nov 2025, 18:28:58] 404: Lesson image /images/lesson_images/guitar.jpg not found[16 Nov 2025, 18:29:12] GET /collections/lessons
[16 Nov 2025, 18:29:12] 404: Lesson image /images/lesson_images/guitar.jpg not found[16 Nov 2025, 18:29:14] GET /collections/lessons
[16 Nov 2025, 18:29:15] 404: Lesson image /images/lesson_images/guitar.jpg not found[16 Nov 2025, 18:29:20] GET /collections/lessons
[16 Nov 2025, 18:29:20] 404: Lesson image /images/lesson_images/guitar.jpg not found[16 Nov 2025, 18:29:55] GET /collections/lessons
[16 Nov 2025, 18:29:55] 404: Lesson image /images/lesson_images/guitar.jpg not found[16 Nov 2025, 18:30:00] GET /collections/lessons
[16 Nov 2025, 18:30:00] 404: Lesson image /images/lesson_images/guitar.jpg not found[16 Nov 2025, 18:30:03] GET /collections/lessons
[16 Nov 2025, 18:30:03] 404: Lesson image /images/lesson_images/guitar.jpg not found[16 Nov 2025, 18:30:05] GET /collections/lessons
[16 Nov 2025, 18:30:05] 404: Lesson image /images/lesson_images/guitar.jpg not found[16 Nov 2025, 18:30:07] GET /collections/lessons
[16 Nov 2025, 18:30:07] 404: Lesson image /images/lesson_images/guitar.jpg not found[16 Nov 2025, 18:30:12] GET /collections/lessons
[16 Nov 2025, 18:30:12] 404: Lesson image /images/lesson_images/guitar.jpg not found[16 Nov 2025, 18:30:14] GET /collections/lessons
[16 Nov 2025, 18:30:14] 404: Lesson image /images/lesson_images/guitar.jpg not found[16 Nov 2025, 18:30:18] GET /collections/lessons
[16 Nov 2025, 18:30:18] 404: Lesson image /images/lesson_images/guitar.jpg not found[16 Nov 2025, 18:31:16] GET /collections/lessons
[16 Nov 2025, 18:31:16] 404: Lesson image /images/lesson_images/guitar.jpg not found[16 Nov 2025, 18:31:19] GET /collections/lessons
[16 Nov 2025, 18:31:19] 404: Lesson image /images/lesson_images/guitar.jpg not found[16 Nov 2025, 18:31:20] GET /collections/lessons
[16 Nov 2025, 18:31:20] 404: Lesson image /images/lesson_images/guitar.jpg not found[16 Nov 2025, 18:31:31] GET /collections/lessons
[16 Nov 2025, 18:31:31] 404: Lesson image /images/lesson_images/guitar.jpg not found[16 Nov 2025, 18:31:35] GET /collections/lessons
[16 Nov 2025, 18:31:35] 404: Lesson image /images/lesson_images/guitar.jpg not found[16 Nov 2025, 18:31:43] GET /collections/lessons
[16 Nov 2025, 18:31:43] 404: Lesson image /images/lesson_images/guitar.jpg not found[16 Nov 2025, 18:31:45] GET /collections/lessons
[16 Nov 2025, 18:31:45] 404: Lesson image /images/lesson_images/guitar.jpg not found[16 Nov 2025, 18:31:52] GET /collections/lessons
[16 Nov 2025, 18:31:53] 404: Lesson image /images/lesson_images/guitar.jpg not found[16 Nov 2025, 18:31:59] GET /collections/lessons
[16 Nov 2025, 18:31:59] 404: Lesson image /images/lesson_images/guitar.jpg not found[16 Nov 2025, 18:32:00] GET /collections/lessons
[16 Nov 2025, 18:32:00] 404: Lesson image /images/lesson_images/guitar.jpg not found[16 Nov 2025, 18:32:04] GET /collections/lessons
[16 Nov 2025, 18:32:04] 404: Lesson image /images/lesson_images/guitar.jpg not found[16 Nov 2025, 18:32:05] GET /collections/lessons
[16 Nov 2025, 18:32:05] 404: Lesson image /images/lesson_images/guitar.jpg not found[16 Nov 2025, 18:32:22] GET /collections/lessons
[16 Nov 2025, 18:32:23] 404: Lesson image /images/lesson_images/guitar.jpg not found[16 Nov 2025, 18:32:26] GET /collections/lessons
[16 Nov 2025, 18:32:27] 404: Lesson image /images/lesson_images/guitar.jpg not found[16 Nov 2025, 18:33:14] GET /collections/lessons
[16 Nov 2025, 18:33:14] 404: Lesson image /images/lesson_images/guitar.jpg not found[16 Nov 2025, 18:33:18] GET /collections/lessons
[16 Nov 2025, 18:33:18] 404: Lesson image /images/lesson_images/guitar.jpg not found[16 Nov 2025, 18:34:32] GET /collections/lessons
[16 Nov 2025, 18:34:32] 404: Lesson image /images/lesson_images/guitar.jpg not found[16 Nov 2025, 18:34:33] GET /collections/lessons
[16 Nov 2025, 18:34:33] 404: Lesson image /images/lesson_images/guitar.jpg not found[16 Nov 2025, 18:34:43] GET /collections/lessons
[16 Nov 2025, 18:34:43] 404: Lesson image /images/lesson_images/guitar.jpg not found[16 Nov 2025, 18:35:24] GET /collections/lessons
[16 Nov 2025, 18:35:24] 404: Lesson image /images/lesson_images/guitar.jpg not found[16 Nov 2025, 18:35:37] GET /collections/lessons
[16 Nov 2025, 18:35:37] 404: Lesson image /images/lesson_images/guitar.jpg not found[16 Nov 2025, 18:35:41] GET /collections/lessons
[16 Nov 2025, 18:35:41] 404: Lesson image /images/lesson_images/guitar.jpg not found[16 Nov 2025, 18:35:56] GET /collections/lessons
[16 Nov 2025, 18:35:56] 404: Lesson image /images/lesson_images/guitar.jpg not found[16 Nov 2025, 18:36:00] GET /collections/lessons
[16 Nov 2025, 18:36:00] 404: Lesson image /images/lesson_images/guitar.jpg not found[16 Nov 2025, 18:36:03] GET /collections/lessons
[16 Nov 2025, 18:36:03] 404: Lesson image /images/lesson_images/guitar.jpg not found[16 Nov 2025, 18:36:12] GET /collections/lessons
[16 Nov 2025, 18:36:12] 404: Lesson image /images/lesson_images/guitar.jpg not found[16 Nov 2025, 18:36:20] GET /collections/lessons
[16 Nov 2025, 18:36:20] 404: Lesson image /images/lesson_images/guitar.jpg not found[16 Nov 2025, 18:36:25] GET /collections/lessons
[16 Nov 2025, 18:36:25] 404: Lesson image /images/lesson_images/guitar.jpg not found[16 Nov 2025, 18:36:33] GET /collections/lessons
[16 Nov 2025, 18:36:33] 404: Lesson image /images/lesson_images/guitar.jpg not found[16 Nov 2025, 18:36:35] GET /collections/lessons
[16 Nov 2025, 18:36:35] 404: Lesson image /images/lesson_images/guitar.jpg not found[16 Nov 2025, 18:36:36] GET /collections/lessons
[16 Nov 2025, 18:36:36] 404: Lesson image /images/lesson_images/guitar.jpg not found[16 Nov 2025, 18:36:44] GET /collections/lessons
[16 Nov 2025, 18:36:44] 404: Lesson image /images/lesson_images/guitar.jpg not found[16 Nov 2025, 18:36:48] GET /collections/lessons
[16 Nov 2025, 18:36:48] 404: Lesson image /images/lesson_images/guitar.jpg not found[16 Nov 2025, 18:37:26] GET /collections/lessons
[16 Nov 2025, 18:37:26] 404: Lesson image /images/lesson_images/guitar.jpg not found[16 Nov 2025, 18:40:09] GET /collections/lessons
[16 Nov 2025, 18:40:10] 404: Lesson image /images/lesson_images/guitar.jpg not found[16 Nov 2025, 18:40:12] GET /collections/lessons
[16 Nov 2025, 18:40:12] 404: Lesson image /images/lesson_images/guitar.jpg not found[16 Nov 2025, 18:40:19] GET /collections/lessons
[16 Nov 2025, 18:40:19] 404: Lesson image /images/lesson_images/guitar.jpg not found[16 Nov 2025, 18:40:20] GET /collections/lessons
[16 Nov 2025, 18:40:20] 404: Lesson image /images/lesson_images/guitar.jpg not found[16 Nov 2025, 18:40:21] GET /collections/lessons
[16 Nov 2025, 18:40:21] 404: Lesson image /images/lesson_images/guitar.jpg not found[16 Nov 2025, 18:40:28] GET /collections/lessons
[16 Nov 2025, 18:40:28] 404: Lesson image /images/lesson_images/guitar.jpg not found[16 Nov 2025, 18:42:06] GET /collections/lessons
[16 Nov 2025, 18:42:06] 404: Lesson image /images/lesson_images/guitar.jpg not found[16 Nov 2025, 18:42:12] GET /collections/lessons
[16 Nov 2025, 18:42:13] 404: Lesson image /images/lesson_images/guitar.jpg not found[16 Nov 2025, 18:42:54] GET /collections/lessons
[16 Nov 2025, 18:42:54] 404: Lesson image /images/lesson_images/guitar.jpg not found[16 Nov 2025, 18:43:31] GET /collections/lessons
[16 Nov 2025, 18:43:32] 404: Lesson image /images/lesson_images/guitar.jpg not found[16 Nov 2025, 18:43:33] GET /collections/lessons
[16 Nov 2025, 18:43:33] 404: Lesson image /images/lesson_images/guitar.jpg not found[16 Nov 2025, 18:43:44] GET /collections/lessons
[16 Nov 2025, 18:43:44] 404: Lesson image /images/lesson_images/guitar.jpg not found[16 Nov 2025, 18:47:44] GET /collections/lessons
[16 Nov 2025, 18:47:44] 404: Lesson image /images/lesson_images/guitar.jpg not found[16 Nov 2025, 18:48:33] GET /collections/lessons
[16 Nov 2025, 18:48:33] 404: Lesson image /images/lesson_images/guitar.jpg not found[16 Nov 2025, 18:48:36] GET /collections/lessons
[16 Nov 2025, 18:48:36] 404: Lesson image /images/lesson_images/guitar.jpg not found[16 Nov 2025, 18:48:44] GET /collections/lessons
[16 Nov 2025, 18:48:44] 404: Lesson image /images/lesson_images/guitar.jpg not found[16 Nov 2025, 18:48:47] GET /collections/lessons
[16 Nov 2025, 18:48:48] 404: Lesson image /images/lesson_images/guitar.jpg not found[16 Nov 2025, 18:57:44] GET /collections/lessons
[16 Nov 2025, 18:57:44] 404: Lesson image /images/lesson_images/guitar.jpg not found[16 Nov 2025, 18:57:47] GET /collections/lessons
[16 Nov 2025, 18:57:47] 404: Lesson image /images/lesson_images/guitar.jpg not found[16 Nov 2025, 18:58:11] GET /collections/lessons
[16 Nov 2025, 18:58:11] 404: Lesson image /images/lesson_images/guitar.jpg not found[16 Nov 2025, 19:00:05] GET /collections/lessons
[16 Nov 2025, 19:00:06] 404: Lesson image /images/lesson_images/guitar.jpg not found[16 Nov 2025, 19:00:06] GET /collections/lessons
[16 Nov 2025, 19:00:06] 404: Lesson image /images/lesson_images/guitar.jpg not found[16 Nov 2025, 19:00:17] GET /collections/lessons
[16 Nov 2025, 19:00:17] 404: Lesson image /images/lesson_images/guitar.jpg not found[16 Nov 2025, 19:00:23] GET /collections/lessons
[16 Nov 2025, 19:00:23] 404: Lesson image /images/lesson_images/guitar.jpg not found[16 Nov 2025, 19:00:24] GET /collections/lessons
[16 Nov 2025, 19:00:24] 404: Lesson image /images/lesson_images/guitar.jpg not found[16 Nov 2025, 19:00:25] GET /collections/lessons
[16 Nov 2025, 19:00:25] 404: Lesson image /images/lesson_images/guitar.jpg not found[16 Nov 2025, 19:00:26] GET /collections/lessons
[16 Nov 2025, 19:00:26] 404: Lesson image /images/lesson_images/guitar.jpg not found[16 Nov 2025, 23:27:48] GET /collections/lessons
[16 Nov 2025, 23:27:48] 404: Lesson image /images/lesson_images/guitar.jpg not found[16 Nov 2025, 23:28:22] GET /collections/lessons
[16 Nov 2025, 23:28:22] 404: Lesson image /images/lesson_images/guitar.jpg not found[16 Nov 2025, 23:28:28] GET /collections/lessons
[16 Nov 2025, 23:28:28] 404: Lesson image /images/lesson_images/guitar.jpg not found[16 Nov 2025, 23:28:59] GET /collections/lessons
[16 Nov 2025, 23:29:00] 404: Lesson image /images/lesson_images/guitar.jpg not found[16 Nov 2025, 23:29:01] GET /collections/lessons
[16 Nov 2025, 23:29:01] 404: Lesson image /images/lesson_images/guitar.jpg not found[16 Nov 2025, 23:29:03] GET /collections/lessons
[16 Nov 2025, 23:29:03] 404: Lesson image /images/lesson_images/guitar.jpg not found[16 Nov 2025, 23:29:04] GET /collections/lessons
[16 Nov 2025, 23:29:04] 404: Lesson image /images/lesson_images/guitar.jpg not found[16 Nov 2025, 23:29:08] GET /collections/lessons
[16 Nov 2025, 23:29:08] 404: Lesson image /images/lesson_images/guitar.jpg not found[16 Nov 2025, 23:29:11] GET /collections/lessons
[16 Nov 2025, 23:29:11] 404: Lesson image /images/lesson_images/guitar.jpg not found[16 Nov 2025, 23:29:19] GET /collections/lessons
[16 Nov 2025, 23:29:19] 404: Lesson image /images/lesson_images/guitar.jpg not found[16 Nov 2025, 23:29:31] GET /collections/lessons
[16 Nov 2025, 23:29:31] 404: Lesson image /images/lesson_images/guitar.jpg not found[16 Nov 2025, 23:29:38] GET /collections/lessons
[16 Nov 2025, 23:29:39] 404: Lesson image /images/lesson_images/guitar.jpg not found[16 Nov 2025, 23:38:10] GET /collections/lessons
[16 Nov 2025, 23:38:10] 404: Lesson image /images/lesson_images/guitar.jpg not found[16 Nov 2025, 23:38:11] GET /collections/lessons
[16 Nov 2025, 23:38:11] 404: Lesson image /images/lesson_images/guitar.jpg not found[16 Nov 2025, 23:38:16] GET /collections/lessons
[16 Nov 2025, 23:38:16] 404: Lesson image /images/lesson_images/guitar.jpg not found[16 Nov 2025, 23:38:17] GET /collections/lessons
[16 Nov 2025, 23:38:17] 404: Lesson image /images/lesson_images/guitar.jpg not found[16 Nov 2025, 23:38:22] GET /collections/lessons
[16 Nov 2025, 23:38:22] 404: Lesson image /images/lesson_images/guitar.jpg not found[16 Nov 2025, 23:39:38] GET /collections/lessons
[16 Nov 2025, 23:39:38] 404: Lesson image /images/lesson_images/guitar.jpg not found[16 Nov 2025, 23:39:42] GET /collections/lessons
[16 Nov 2025, 23:39:42] 404: Lesson image /images/lesson_images/guitar.jpg not found[17 Nov 2025, 00:40:28] GET /collections/lessons
[17 Nov 2025, 00:40:30] 404: Lesson image /images/lesson_images/guitar.jpg not found[17 Nov 2025, 00:40:36] 404: Lesson image /images/lesson_images/guitar.jpg not found[17 Nov 2025, 00:41:06] 404: Lesson image /images/lesson_images/guitar.jpg not found[17 Nov 2025, 00:41:09] 404: Lesson image /images/lesson_images/guitar.jpg not found[17 Nov 2025, 00:47:16] GET /collections/lessons
[17 Nov 2025, 00:47:17] 404: Lesson image /images/lesson_images/guitar.jpg not found[17 Nov 2025, 00:47:39] GET /collections/lessons
[17 Nov 2025, 00:47:39] 404: Lesson image /images/lesson_images/guitar.jpg not found[17 Nov 2025, 00:47:52] GET /collections/lessons
[17 Nov 2025, 00:47:52] 404: Lesson image /images/lesson_images/guitar.jpg not found[17 Nov 2025, 00:47:55] 404: Lesson image /images/lesson_images/guitar.jpg not found[17 Nov 2025, 00:48:54] GET /collections/lessons
[17 Nov 2025, 00:48:54] 404: Lesson image /images/lesson_images/guitar.jpg not found[17 Nov 2025, 00:48:56] 404: Lesson image /images/lesson_images/guitar.jpg not found[17 Nov 2025, 00:49:01] GET /collections/lessons
[17 Nov 2025, 00:49:02] 404: Lesson image /images/lesson_images/guitar.jpg not found[17 Nov 2025, 00:49:45] GET /collections/lessons
[17 Nov 2025, 00:49:45] 404: Lesson image /images/lesson_images/guitar.jpg not found[17 Nov 2025, 00:53:52] GET /collections/lessons
[17 Nov 2025, 00:53:52] 404: Lesson image /images/lesson_images/guitar.jpg not found[17 Nov 2025, 00:54:39] GET /collections/lessons
[17 Nov 2025, 00:54:39] 404: Lesson image /images/lesson_images/guitar.jpg not found[17 Nov 2025, 00:54:51] GET /collections/lessons
[17 Nov 2025, 00:54:52] 404: Lesson image /images/lesson_images/guitar.jpg not found[17 Nov 2025, 00:55:26] GET /collections/lessons
[17 Nov 2025, 00:55:27] 404: Lesson image /images/lesson_images/guitar.jpg not found[17 Nov 2025, 00:56:06] GET /collections/lessons
[17 Nov 2025, 00:56:06] 404: Lesson image /images/lesson_images/guitar.jpg not found[17 Nov 2025, 00:56:14] GET /collections/lessons
[17 Nov 2025, 00:56:14] 404: Lesson image /images/lesson_images/guitar.jpg not found[17 Nov 2025, 00:56:17] GET /collections/lessons
[17 Nov 2025, 00:56:18] 404: Lesson image /images/lesson_images/guitar.jpg not found[17 Nov 2025, 00:56:48] GET /collections/lessons
[17 Nov 2025, 00:56:48] 404: Lesson image /images/lesson_images/guitar.jpg not found[17 Nov 2025, 00:57:01] GET /collections/lessons
[17 Nov 2025, 00:57:01] 404: Lesson image /images/lesson_images/guitar.jpg not found[17 Nov 2025, 00:57:04] GET /collections/lessons
[17 Nov 2025, 00:57:04] 404: Lesson image /images/lesson_images/guitar.jpg not found[17 Nov 2025, 00:57:09] GET /collections/lessons
[17 Nov 2025, 00:57:10] 404: Lesson image /images/lesson_images/guitar.jpg not found[17 Nov 2025, 00:57:11] GET /collections/lessons
[17 Nov 2025, 00:57:11] 404: Lesson image /images/lesson_images/guitar.jpg not found[17 Nov 2025, 00:58:13] GET /collections/lessons
[17 Nov 2025, 00:58:13] 404: Lesson image /images/lesson_images/guitar.jpg not found[17 Nov 2025, 00:58:27] GET /collections/lessons
[17 Nov 2025, 00:58:27] 404: Lesson image /images/lesson_images/guitar.jpg not found[17 Nov 2025, 00:58:30] GET /collections/lessons
[17 Nov 2025, 00:58:31] 404: Lesson image /images/lesson_images/guitar.jpg not found[17 Nov 2025, 00:58:32] GET /collections/lessons
[17 Nov 2025, 00:58:32] 404: Lesson image /images/lesson_images/guitar.jpg not found[17 Nov 2025, 00:58:35] GET /collections/lessons
[17 Nov 2025, 00:58:35] 404: Lesson image /images/lesson_images/guitar.jpg not found[17 Nov 2025, 00:58:36] GET /collections/lessons
[17 Nov 2025, 00:58:36] 404: Lesson image /images/lesson_images/guitar.jpg not found[17 Nov 2025, 00:58:43] 404: Lesson image /images/lesson_images/guitar.jpg not found[17 Nov 2025, 00:58:52] GET /collections/lessons
[17 Nov 2025, 00:58:52] 404: Lesson image /images/lesson_images/guitar.jpg not found[17 Nov 2025, 00:58:59] GET /collections/lessons
[17 Nov 2025, 00:58:59] 404: Lesson image /images/lesson_images/guitar.jpg not found[17 Nov 2025, 00:59:04] GET /collections/lessons
[17 Nov 2025, 00:59:04] 404: Lesson image /images/lesson_images/guitar.jpg not found[17 Nov 2025, 00:59:05] GET /collections/lessons
[17 Nov 2025, 00:59:05] 404: Lesson image /images/lesson_images/guitar.jpg not found[17 Nov 2025, 00:59:10] GET /collections/lessons
[17 Nov 2025, 00:59:10] 404: Lesson image /images/lesson_images/guitar.jpg not found[17 Nov 2025, 00:59:24] GET /collections/lessons
[17 Nov 2025, 00:59:24] 404: Lesson image /images/lesson_images/guitar.jpg not found[17 Nov 2025, 00:59:31] GET /collections/lessons
[17 Nov 2025, 00:59:31] 404: Lesson image /images/lesson_images/guitar.jpg not found[17 Nov 2025, 00:59:35] GET /collections/lessons
[17 Nov 2025, 00:59:35] 404: Lesson image /images/lesson_images/guitar.jpg not found[17 Nov 2025, 00:59:59] GET /collections/lessons
[17 Nov 2025, 00:59:59] 404: Lesson image /images/lesson_images/guitar.jpg not found[17 Nov 2025, 01:00:02] GET /collections/lessons
[17 Nov 2025, 01:00:02] 404: Lesson image /images/lesson_images/guitar.jpg not found[17 Nov 2025, 01:00:05] GET /collections/lessons
[17 Nov 2025, 01:00:05] 404: Lesson image /images/lesson_images/guitar.jpg not found[17 Nov 2025, 01:00:07] GET /collections/lessons
[17 Nov 2025, 01:00:07] 404: Lesson image /images/lesson_images/guitar.jpg not found[17 Nov 2025, 01:00:09] GET /collections/lessons
[17 Nov 2025, 01:00:09] 404: Lesson image /images/lesson_images/guitar.jpg not found[17 Nov 2025, 01:00:12] GET /collections/lessons
[17 Nov 2025, 01:00:13] 404: Lesson image /images/lesson_images/guitar.jpg not found[17 Nov 2025, 01:00:15] GET /collections/lessons
[17 Nov 2025, 01:00:15] 404: Lesson image /images/lesson_images/guitar.jpg not found[17 Nov 2025, 01:00:17] GET /collections/lessons
[17 Nov 2025, 01:00:17] 404: Lesson image /images/lesson_images/guitar.jpg not found[17 Nov 2025, 01:00:19] GET /collections/lessons
[17 Nov 2025, 01:00:19] 404: Lesson image /images/lesson_images/guitar.jpg not found[17 Nov 2025, 01:00:30] GET /collections/lessons
[17 Nov 2025, 01:00:31] 404: Lesson image /images/lesson_images/guitar.jpg not found[17 Nov 2025, 01:00:33] GET /collections/lessons
[17 Nov 2025, 01:00:33] 404: Lesson image /images/lesson_images/guitar.jpg not found[17 Nov 2025, 01:00:36] GET /collections/lessons
[17 Nov 2025, 01:00:36] 404: Lesson image /images/lesson_images/guitar.jpg not found[17 Nov 2025, 01:00:38] GET /collections/lessons
[17 Nov 2025, 01:00:39] 404: Lesson image /images/lesson_images/guitar.jpg not found[17 Nov 2025, 01:00:45] GET /collections/lessons
[17 Nov 2025, 01:00:45] 404: Lesson image /images/lesson_images/guitar.jpg not found[17 Nov 2025, 01:07:50] GET /collections/lessons
[17 Nov 2025, 01:07:50] 404: Lesson image /images/lesson_images/guitar.jpg not found[17 Nov 2025, 01:08:55] GET /collections/lessons
[17 Nov 2025, 01:08:55] 404: Lesson image /images/lesson_images/guitar.jpg not found[17 Nov 2025, 01:08:56] GET /collections/lessons
[17 Nov 2025, 01:08:56] 404: Lesson image /images/lesson_images/guitar.jpg not found[17 Nov 2025, 01:08:57] GET /collections/lessons
[17 Nov 2025, 01:08:57] 404: Lesson image /images/lesson_images/guitar.jpg not found[17 Nov 2025, 01:09:00] GET /collections/lessons
[17 Nov 2025, 01:09:00] 404: Lesson image /images/lesson_images/guitar.jpg not found[17 Nov 2025, 01:16:33] GET /collections/lessons
[17 Nov 2025, 01:16:33] 404: Lesson image /images/lesson_images/guitar.jpg not found[17 Nov 2025, 01:16:35] GET /collections/lessons
[17 Nov 2025, 01:16:35] 404: Lesson image /images/lesson_images/guitar.jpg not found[17 Nov 2025, 01:16:36] GET /collections/lessons
[17 Nov 2025, 01:16:36] 404: Lesson image /images/lesson_images/guitar.jpg not found[17 Nov 2025, 01:16:41] GET /collections/lessons
[17 Nov 2025, 01:16:41] 404: Lesson image /images/lesson_images/guitar.jpg not found[17 Nov 2025, 01:16:49] GET /collections/lessons
[17 Nov 2025, 01:16:49] 404: Lesson image /images/lesson_images/guitar.jpg not found[17 Nov 2025, 01:16:51] GET /collections/lessons
[17 Nov 2025, 01:16:51] 404: Lesson image /images/lesson_images/guitar.jpg not found[17 Nov 2025, 01:16:56] GET /collections/lessons
[17 Nov 2025, 01:16:56] 404: Lesson image /images/lesson_images/guitar.jpg not found[17 Nov 2025, 01:16:59] GET /collections/lessons
[17 Nov 2025, 01:17:00] 404: Lesson image /images/lesson_images/guitar.jpg not found[17 Nov 2025, 01:17:03] GET /collections/lessons
[17 Nov 2025, 01:17:03] 404: Lesson image /images/lesson_images/guitar.jpg not found[17 Nov 2025, 01:17:06] GET /collections/lessons
[17 Nov 2025, 01:17:06] 404: Lesson image /images/lesson_images/guitar.jpg not found[17 Nov 2025, 01:17:12] GET /collections/lessons
[17 Nov 2025, 01:17:12] 404: Lesson image /images/lesson_images/guitar.jpg not found[17 Nov 2025, 01:17:31] GET /collections/lessons
[17 Nov 2025, 01:17:31] 404: Lesson image /images/lesson_images/guitar.jpg not found[17 Nov 2025, 01:17:33] GET /collections/lessons
[17 Nov 2025, 01:17:33] 404: Lesson image /images/lesson_images/guitar.jpg not found[17 Nov 2025, 01:17:37] GET /collections/lessons
[17 Nov 2025, 01:17:37] 404: Lesson image /images/lesson_images/guitar.jpg not found[17 Nov 2025, 01:17:38] GET /collections/lessons
[17 Nov 2025, 01:17:38] 404: Lesson image /images/lesson_images/guitar.jpg not found[17 Nov 2025, 01:17:40] GET /collections/lessons
[17 Nov 2025, 01:17:40] 404: Lesson image /images/lesson_images/guitar.jpg not found[17 Nov 2025, 01:17:44] GET /collections/lessons
[17 Nov 2025, 01:17:44] 404: Lesson image /images/lesson_images/guitar.jpg not found[17 Nov 2025, 01:17:47] GET /collections/lessons
[17 Nov 2025, 01:17:47] 404: Lesson image /images/lesson_images/guitar.jpg not found[17 Nov 2025, 01:17:52] GET /collections/lessons
[17 Nov 2025, 01:17:52] 404: Lesson image /images/lesson_images/guitar.jpg not found[17 Nov 2025, 01:17:54] GET /collections/lessons
[17 Nov 2025, 01:17:54] 404: Lesson image /images/lesson_images/guitar.jpg not found[17 Nov 2025, 01:17:56] GET /collections/lessons
[17 Nov 2025, 01:17:56] 404: Lesson image /images/lesson_images/guitar.jpg not found[17 Nov 2025, 01:17:58] GET /collections/lessons
[17 Nov 2025, 01:17:58] 404: Lesson image /images/lesson_images/guitar.jpg not found[17 Nov 2025, 01:18:00] GET /collections/lessons
[17 Nov 2025, 01:18:00] 404: Lesson image /images/lesson_images/guitar.jpg not found[17 Nov 2025, 01:18:02] GET /collections/lessons
[17 Nov 2025, 01:18:02] 404: Lesson image /images/lesson_images/guitar.jpg not found[17 Nov 2025, 01:18:05] GET /collections/lessons
[17 Nov 2025, 01:18:05] 404: Lesson image /images/lesson_images/guitar.jpg not found[17 Nov 2025, 01:18:10] GET /collections/lessons
[17 Nov 2025, 01:18:10] 404: Lesson image /images/lesson_images/guitar.jpg not found[17 Nov 2025, 01:18:11] GET /collections/lessons
[17 Nov 2025, 01:18:11] 404: Lesson image /images/lesson_images/guitar.jpg not found[17 Nov 2025, 01:18:18] GET /collections/lessons
[17 Nov 2025, 01:18:18] 404: Lesson image /images/lesson_images/guitar.jpg not found[17 Nov 2025, 01:18:30] GET /collections/lessons
[17 Nov 2025, 01:18:30] 404: Lesson image /images/lesson_images/guitar.jpg not found[17 Nov 2025, 01:18:32] GET /collections/lessons
[17 Nov 2025, 01:18:32] 404: Lesson image /images/lesson_images/guitar.jpg not found[17 Nov 2025, 01:18:37] GET /collections/lessons
[17 Nov 2025, 01:18:37] 404: Lesson image /images/lesson_images/guitar.jpg not found[17 Nov 2025, 01:19:05] GET /collections/lessons
[17 Nov 2025, 01:19:05] 404: Lesson image /images/lesson_images/guitar.jpg not found[17 Nov 2025, 01:19:06] GET /collections/lessons
[17 Nov 2025, 01:19:06] 404: Lesson image /images/lesson_images/guitar.jpg not found[17 Nov 2025, 01:19:09] GET /collections/lessons
[17 Nov 2025, 01:19:09] 404: Lesson image /images/lesson_images/guitar.jpg not found[17 Nov 2025, 01:19:12] GET /collections/lessons
[17 Nov 2025, 01:19:12] 404: Lesson image /images/lesson_images/guitar.jpg not found[17 Nov 2025, 01:19:13] GET /collections/lessons
[17 Nov 2025, 01:19:13] 404: Lesson image /images/lesson_images/guitar.jpg not found[17 Nov 2025, 01:19:18] GET /collections/lessons
[17 Nov 2025, 01:19:18] 404: Lesson image /images/lesson_images/guitar.jpg not found[17 Nov 2025, 01:19:20] GET /collections/lessons
[17 Nov 2025, 01:19:20] 404: Lesson image /images/lesson_images/guitar.jpg not found[17 Nov 2025, 01:19:30] GET /collections/lessons
[17 Nov 2025, 01:19:30] 404: Lesson image /images/lesson_images/guitar.jpg not found[17 Nov 2025, 01:19:38] GET /collections/lessons
[17 Nov 2025, 01:19:38] 404: Lesson image /images/lesson_images/guitar.jpg not found[17 Nov 2025, 01:19:41] GET /collections/lessons
[17 Nov 2025, 01:19:41] 404: Lesson image /images/lesson_images/guitar.jpg not found[17 Nov 2025, 01:19:48] GET /collections/lessons
[17 Nov 2025, 01:19:48] 404: Lesson image /images/lesson_images/guitar.jpg not found[17 Nov 2025, 01:19:55] GET /collections/lessons
[17 Nov 2025, 01:19:55] 404: Lesson image /images/lesson_images/guitar.jpg not found[17 Nov 2025, 01:19:56] GET /collections/lessons
[17 Nov 2025, 01:19:56] 404: Lesson image /images/lesson_images/guitar.jpg not found[17 Nov 2025, 01:19:58] GET /collections/lessons
[17 Nov 2025, 01:19:58] 404: Lesson image /images/lesson_images/guitar.jpg not found[17 Nov 2025, 01:20:02] GET /collections/lessons
[17 Nov 2025, 01:20:02] 404: Lesson image /images/lesson_images/guitar.jpg not found[17 Nov 2025, 01:20:04] GET /collections/lessons
[17 Nov 2025, 01:20:04] 404: Lesson image /images/lesson_images/guitar.jpg not found[17 Nov 2025, 01:20:06] GET /collections/lessons
[17 Nov 2025, 01:20:06] 404: Lesson image /images/lesson_images/guitar.jpg not found[17 Nov 2025, 01:20:08] GET /collections/lessons
[17 Nov 2025, 01:20:08] 404: Lesson image /images/lesson_images/guitar.jpg not found[17 Nov 2025, 01:20:23] GET /collections/lessons
[17 Nov 2025, 01:20:23] 404: Lesson image /images/lesson_images/guitar.jpg not found[17 Nov 2025, 01:20:28] GET /collections/lessons
[17 Nov 2025, 01:20:28] 404: Lesson image /images/lesson_images/guitar.jpg not found[17 Nov 2025, 01:20:32] GET /collections/lessons
[17 Nov 2025, 01:20:32] 404: Lesson image /images/lesson_images/guitar.jpg not found[17 Nov 2025, 01:20:35] GET /collections/lessons
[17 Nov 2025, 01:20:35] 404: Lesson image /images/lesson_images/guitar.jpg not found[17 Nov 2025, 01:21:08] GET /collections/lessons
[17 Nov 2025, 01:21:08] 404: Lesson image /images/lesson_images/guitar.jpg not found[17 Nov 2025, 01:21:13] GET /collections/lessons
[17 Nov 2025, 01:21:13] 404: Lesson image /images/lesson_images/guitar.jpg not found[17 Nov 2025, 01:21:20] GET /collections/lessons
[17 Nov 2025, 01:21:20] 404: Lesson image /images/lesson_images/guitar.jpg not found[17 Nov 2025, 01:21:21] GET /collections/lessons
[17 Nov 2025, 01:21:21] 404: Lesson image /images/lesson_images/guitar.jpg not found[17 Nov 2025, 01:21:23] GET /collections/lessons
[17 Nov 2025, 01:21:23] 404: Lesson image /images/lesson_images/guitar.jpg not found[17 Nov 2025, 01:21:24] GET /collections/lessons
[17 Nov 2025, 01:21:24] 404: Lesson image /images/lesson_images/guitar.jpg not found[17 Nov 2025, 01:21:30] GET /collections/lessons
[17 Nov 2025, 01:21:30] 404: Lesson image /images/lesson_images/guitar.jpg not found[17 Nov 2025, 01:21:38] GET /collections/lessons
[17 Nov 2025, 01:21:38] 404: Lesson image /images/lesson_images/guitar.jpg not found[17 Nov 2025, 01:21:42] GET /collections/lessons
[17 Nov 2025, 01:21:43] 404: Lesson image /images/lesson_images/guitar.jpg not found[17 Nov 2025, 01:21:44] GET /collections/lessons
[17 Nov 2025, 01:21:44] 404: Lesson image /images/lesson_images/guitar.jpg not found[17 Nov 2025, 01:21:50] GET /collections/lessons
[17 Nov 2025, 01:21:50] 404: Lesson image /images/lesson_images/guitar.jpg not found[17 Nov 2025, 01:21:52] GET /collections/lessons
[17 Nov 2025, 01:21:52] 404: Lesson image /images/lesson_images/guitar.jpg not found[17 Nov 2025, 01:21:55] GET /collections/lessons
[17 Nov 2025, 01:21:56] 404: Lesson image /images/lesson_images/guitar.jpg not found[17 Nov 2025, 01:22:11] 404: Lesson image /images/lesson_images/guitar.jpg not found[17 Nov 2025, 01:22:15] 404: Lesson image /images/lesson_images/guitar.jpg not found[17 Nov 2025, 01:28:07] GET /collections/lessons
[17 Nov 2025, 01:28:07] 404: Lesson image /images/lesson_images/guitar.jpg not found[17 Nov 2025, 01:28:10] GET /collections/lessons
[17 Nov 2025, 01:28:11] 404: Lesson image /images/lesson_images/guitar.jpg not found[17 Nov 2025, 01:28:27] GET /collections/lessons
[17 Nov 2025, 01:28:27] 404: Lesson image /images/lesson_images/guitar.jpg not found[17 Nov 2025, 01:28:31] GET /collections/lessons
[17 Nov 2025, 01:28:32] 404: Lesson image /images/lesson_images/guitar.jpg not found[17 Nov 2025, 01:28:36] GET /collections/lessons
[17 Nov 2025, 01:28:36] 404: Lesson image /images/lesson_images/guitar.jpg not found[17 Nov 2025, 01:28:38] GET /collections/lessons
[17 Nov 2025, 01:28:38] 404: Lesson image /images/lesson_images/guitar.jpg not found[17 Nov 2025, 01:29:31] GET /collections/lessons
[17 Nov 2025, 01:29:32] GET /collections/lessons
[17 Nov 2025, 01:29:32] 404: Lesson image /images/lesson_images/guitar.jpg not found[17 Nov 2025, 01:29:40] GET /collections/lessons
[17 Nov 2025, 01:29:40] 404: Lesson image /images/lesson_images/guitar.jpg not found[17 Nov 2025, 01:31:49] GET /collections/lessons
[17 Nov 2025, 01:31:50] 404: Lesson image /images/lesson_images/guitar.jpg not found[17 Nov 2025, 01:33:22] GET /collections/lessons
[17 Nov 2025, 01:33:22] 404: Lesson image /images/lesson_images/guitar.jpg not found[17 Nov 2025, 01:33:26] GET /collections/lessons
[17 Nov 2025, 01:33:26] 404: Lesson image /images/lesson_images/guitar.jpg not found[17 Nov 2025, 01:34:39] GET /collections/lessons
[17 Nov 2025, 01:34:39] 404: Lesson image /images/lesson_images/guitar.jpg not found[17 Nov 2025, 01:34:43] GET /collections/lessons
[17 Nov 2025, 01:34:43] 404: Lesson image /images/lesson_images/guitar.jpg not found[17 Nov 2025, 01:34:46] GET /collections/lessons
[17 Nov 2025, 01:34:46] 404: Lesson image /images/lesson_images/guitar.jpg not found[17 Nov 2025, 01:34:48] GET /collections/lessons
[17 Nov 2025, 01:34:48] 404: Lesson image /images/lesson_images/guitar.jpg not found[17 Nov 2025, 01:36:14] GET /collections/lessons
[17 Nov 2025, 01:36:14] 404: Lesson image /images/lesson_images/guitar.jpg not found[17 Nov 2025, 01:36:16] GET /collections/lessons
[17 Nov 2025, 01:36:16] 404: Lesson image /images/lesson_images/guitar.jpg not found[17 Nov 2025, 01:36:41] 404: Lesson image /images/lesson_images/guitar.jpg not found[17 Nov 2025, 01:37:16] GET /collections/lessons
[17 Nov 2025, 01:37:16] 404: Lesson image /images/lesson_images/guitar.jpg not found[17 Nov 2025, 01:41:51] GET /collections/lessons
[17 Nov 2025, 01:41:51] 404: Lesson image /images/lesson_images/guitar.jpg not found[17 Nov 2025, 01:42:56] GET /collections/lessons
[17 Nov 2025, 01:43:00] GET /collections/lessons
[17 Nov 2025, 01:43:00] 404: Lesson image /images/lesson_images/guitar.jpg not found[17 Nov 2025, 01:43:01] GET /collections/lessons
[17 Nov 2025, 01:43:02] 404: Lesson image /images/lesson_images/guitar.jpg not found[17 Nov 2025, 01:45:20] GET /collections/lessons
[17 Nov 2025, 01:45:20] 404: Lesson image /images/lesson_images/guitar.jpg not found[17 Nov 2025, 01:45:31] GET /collections/lessons
[17 Nov 2025, 01:45:31] 404: Lesson image /images/lesson_images/guitar.jpg not found[17 Nov 2025, 01:45:33] GET /collections/lessons
[17 Nov 2025, 01:45:33] 404: Lesson image /images/lesson_images/guitar.jpg not found[17 Nov 2025, 01:45:57] GET /collections/lessons
[17 Nov 2025, 01:45:57] 404: Lesson image /images/lesson_images/guitar.jpg not found[17 Nov 2025, 01:46:01] GET /collections/lessons
[17 Nov 2025, 01:46:02] 404: Lesson image /images/lesson_images/guitar.jpg not found[17 Nov 2025, 01:46:13] GET /collections/lessons
[17 Nov 2025, 01:46:14] 404: Lesson image /images/lesson_images/guitar.jpg not found[17 Nov 2025, 01:46:17] 404: Lesson image /images/lesson_images/guitar.jpg not found[17 Nov 2025, 01:47:18] GET /collections/lessons
[17 Nov 2025, 01:47:18] 404: Lesson image /images/lesson_images/guitar.jpg not found[17 Nov 2025, 01:47:20] GET /collections/lessons
[17 Nov 2025, 01:47:20] 404: Lesson image /images/lesson_images/guitar.jpg not found[17 Nov 2025, 01:47:23] GET /collections/lessons
[17 Nov 2025, 01:47:23] 404: Lesson image /images/lesson_images/guitar.jpg not found[17 Nov 2025, 01:48:30] GET /collections/lessons
[17 Nov 2025, 01:48:30] 404: Lesson image /images/lesson_images/guitar.jpg not found[17 Nov 2025, 01:50:36] GET /collections/lessons
[17 Nov 2025, 01:50:36] 404: Lesson image /images/lesson_images/guitar.jpg not found[17 Nov 2025, 01:51:04] GET /collections/lessons
[17 Nov 2025, 01:51:04] 404: Lesson image /images/lesson_images/guitar.jpg not found[17 Nov 2025, 01:51:08] GET /collections/lessons
[17 Nov 2025, 01:51:08] 404: Lesson image /images/lesson_images/guitar.jpg not found[17 Nov 2025, 01:51:14] GET /collections/lessons
[17 Nov 2025, 01:51:14] 404: Lesson image /images/lesson_images/guitar.jpg not found[17 Nov 2025, 01:51:58] GET /collections/lessons
[17 Nov 2025, 01:51:59] 404: Lesson image /images/lesson_images/guitar.jpg not found[17 Nov 2025, 01:51:59] GET /collections/lessons
[17 Nov 2025, 01:52:00] 404: Lesson image /images/lesson_images/guitar.jpg not found[17 Nov 2025, 01:52:11] GET /collections/lessons
[17 Nov 2025, 01:52:11] 404: Lesson image /images/lesson_images/guitar.jpg not found[17 Nov 2025, 01:52:15] GET /collections/lessons
[17 Nov 2025, 01:52:15] 404: Lesson image /images/lesson_images/guitar.jpg not found[17 Nov 2025, 01:52:16] GET /collections/lessons
[17 Nov 2025, 01:52:16] 404: Lesson image /images/lesson_images/guitar.jpg not found[17 Nov 2025, 01:52:20] GET /collections/lessons
[17 Nov 2025, 01:52:20] 404: Lesson image /images/lesson_images/guitar.jpg not found[17 Nov 2025, 01:52:26] GET /collections/lessons
[17 Nov 2025, 01:52:26] 404: Lesson image /images/lesson_images/guitar.jpg not found[17 Nov 2025, 01:53:08] GET /collections/lessons
[17 Nov 2025, 01:53:08] 404: Lesson image /images/lesson_images/guitar.jpg not found[17 Nov 2025, 01:53:19] 404: Lesson image /images/lesson_images/guitar.jpg not found[17 Nov 2025, 01:55:14] 404: Lesson image /images/lesson_images/guitar.jpg not found[17 Nov 2025, 01:55:52] GET /collections/lessons
[17 Nov 2025, 01:55:52] 404: Lesson image /images/lesson_images/guitar.jpg not found[17 Nov 2025, 01:55:57] GET /collections/lessons
[17 Nov 2025, 01:55:57] 404: Lesson image /images/lesson_images/guitar.jpg not found[17 Nov 2025, 01:56:02] 404: Lesson image /images/lesson_images/guitar.jpg not found[17 Nov 2025, 01:56:21] GET /collections/lessons
[17 Nov 2025, 01:56:21] 404: Lesson image /images/lesson_images/guitar.jpg not found[17 Nov 2025, 01:56:31] GET /collections/lessons
[17 Nov 2025, 01:56:31] 404: Lesson image /images/lesson_images/guitar.jpg not found[17 Nov 2025, 02:04:06] GET /collections/lessons
[17 Nov 2025, 02:04:06] 404: Lesson image /images/lesson_images/guitar.jpg not found[17 Nov 2025, 02:04:41] GET /collections/lessons
[17 Nov 2025, 02:04:41] 404: Lesson image /images/lesson_images/guitar.jpg not found[17 Nov 2025, 02:05:02] GET /collections/lessons
[17 Nov 2025, 02:05:02] 404: Lesson image /images/lesson_images/guitar.jpg not found[17 Nov 2025, 02:06:39] GET /collections/lessons
[17 Nov 2025, 02:06:39] 404: Lesson image /images/lesson_images/guitar.jpg not found[17 Nov 2025, 02:06:54] 404: Lesson image /images/lesson_images/guitar.jpg not found[17 Nov 2025, 02:09:41] GET /collections/lessons
[17 Nov 2025, 02:09:41] 404: Lesson image /images/lesson_images/guitar.jpg not found[17 Nov 2025, 02:09:44] 404: Lesson image /images/lesson_images/guitar.jpg not found[17 Nov 2025, 02:10:35] 404: Lesson image /images/lesson_images/guitar.jpg not found[17 Nov 2025, 02:10:37] 404: Lesson image /images/lesson_images/guitar.jpg not found[17 Nov 2025, 02:11:04] GET /collections/lessons
[17 Nov 2025, 02:11:04] 404: Lesson image /images/lesson_images/guitar.jpg not found[17 Nov 2025, 02:11:06] GET /collections/lessons
[17 Nov 2025, 02:11:06] 404: Lesson image /images/lesson_images/guitar.jpg not found[17 Nov 2025, 02:11:10] GET /collections/lessons
[17 Nov 2025, 02:11:10] 404: Lesson image /images/lesson_images/guitar.jpg not found[17 Nov 2025, 02:11:12] 404: Lesson image /images/lesson_images/guitar.jpg not found[17 Nov 2025, 02:11:24] GET /collections/lessons
[17 Nov 2025, 02:11:24] 404: Lesson image /images/lesson_images/guitar.jpg not found[17 Nov 2025, 02:11:47] GET /collections/lessons
[17 Nov 2025, 02:11:47] 404: Lesson image /images/lesson_images/guitar.jpg not found[17 Nov 2025, 02:11:50] GET /collections/lessons
[17 Nov 2025, 02:11:50] 404: Lesson image /images/lesson_images/guitar.jpg not found[17 Nov 2025, 02:11:51] GET /collections/lessons
[17 Nov 2025, 02:11:51] 404: Lesson image /images/lesson_images/guitar.jpg not found[17 Nov 2025, 02:12:05] GET /collections/lessons
[17 Nov 2025, 02:12:06] 404: Lesson image /images/lesson_images/guitar.jpg not found[17 Nov 2025, 02:12:30] GET /collections/lessons
[17 Nov 2025, 02:12:30] 404: Lesson image /images/lesson_images/guitar.jpg not found[17 Nov 2025, 02:12:32] GET /collections/lessons
[17 Nov 2025, 02:12:32] 404: Lesson image /images/lesson_images/guitar.jpg not found[17 Nov 2025, 02:12:57] GET /collections/lessons
[17 Nov 2025, 02:12:58] 404: Lesson image /images/lesson_images/guitar.jpg not found[17 Nov 2025, 02:12:59] GET /collections/lessons
[17 Nov 2025, 02:12:59] 404: Lesson image /images/lesson_images/guitar.jpg not found[17 Nov 2025, 02:13:26] GET /collections/lessons
[17 Nov 2025, 02:13:26] 404: Lesson image /images/lesson_images/guitar.jpg not found[17 Nov 2025, 02:13:29] GET /collections/lessons
[17 Nov 2025, 02:13:29] 404: Lesson image /images/lesson_images/guitar.jpg not found[17 Nov 2025, 02:13:31] GET /collections/lessons
[17 Nov 2025, 02:13:31] 404: Lesson image /images/lesson_images/guitar.jpg not found[17 Nov 2025, 02:13:33] GET /collections/lessons
[17 Nov 2025, 02:13:33] 404: Lesson image /images/lesson_images/guitar.jpg not found[17 Nov 2025, 02:17:11] GET /collections/lessons
[17 Nov 2025, 02:17:11] 404: Lesson image /images/lesson_images/guitar.jpg not found[17 Nov 2025, 02:17:14] GET /collections/lessons
[17 Nov 2025, 02:17:15] 404: Lesson image /images/lesson_images/guitar.jpg not found[17 Nov 2025, 02:17:16] GET /collections/lessons
[17 Nov 2025, 02:17:16] 404: Lesson image /images/lesson_images/guitar.jpg not found[17 Nov 2025, 02:17:26] GET /collections/lessons
[17 Nov 2025, 02:17:26] 404: Lesson image /images/lesson_images/guitar.jpg not found[17 Nov 2025, 02:17:28] GET /collections/lessons
[17 Nov 2025, 02:17:28] 404: Lesson image /images/lesson_images/guitar.jpg not found[17 Nov 2025, 02:17:44] GET /collections/lessons
[17 Nov 2025, 02:17:44] 404: Lesson image /images/lesson_images/guitar.jpg not found[17 Nov 2025, 02:17:49] GET /collections/lessons
[17 Nov 2025, 02:17:50] 404: Lesson image /images/lesson_images/guitar.jpg not found[17 Nov 2025, 02:18:18] GET /collections/lessons
[17 Nov 2025, 02:18:18] 404: Lesson image /images/lesson_images/guitar.jpg not found[17 Nov 2025, 02:18:25] GET /collections/lessons
[17 Nov 2025, 02:18:25] 404: Lesson image /images/lesson_images/guitar.jpg not found[17 Nov 2025, 02:18:28] GET /collections/lessons
[17 Nov 2025, 02:18:28] 404: Lesson image /images/lesson_images/guitar.jpg not found[17 Nov 2025, 02:18:30] GET /collections/lessons
[17 Nov 2025, 02:18:30] 404: Lesson image /images/lesson_images/guitar.jpg not found[17 Nov 2025, 02:18:37] GET /collections/lessons
[17 Nov 2025, 02:18:38] 404: Lesson image /images/lesson_images/guitar.jpg not found[17 Nov 2025, 02:19:46] GET /collections/lessons
[17 Nov 2025, 02:19:46] 404: Lesson image /images/lesson_images/guitar.jpg not found[17 Nov 2025, 02:19:47] GET /collections/lessons
[17 Nov 2025, 02:19:48] 404: Lesson image /images/lesson_images/guitar.jpg not found[17 Nov 2025, 02:19:49] GET /collections/lessons
[17 Nov 2025, 02:19:49] 404: Lesson image /images/lesson_images/guitar.jpg not found[17 Nov 2025, 02:20:07] GET /collections/lessons
[17 Nov 2025, 02:20:07] 404: Lesson image /images/lesson_images/guitar.jpg not found[17 Nov 2025, 02:20:09] 404: Lesson image /images/lesson_images/guitar.jpg not found[17 Nov 2025, 02:20:18] GET /collections/lessons
[17 Nov 2025, 02:20:18] 404: Lesson image /images/lesson_images/guitar.jpg not found[17 Nov 2025, 02:20:20] GET /collections/lessons
[17 Nov 2025, 02:20:20] 404: Lesson image /images/lesson_images/guitar.jpg not found[17 Nov 2025, 02:20:25] GET /collections/lessons
[17 Nov 2025, 02:20:26] 404: Lesson image /images/lesson_images/guitar.jpg not found[17 Nov 2025, 02:20:26] GET /collections/lessons
[17 Nov 2025, 02:20:26] 404: Lesson image /images/lesson_images/guitar.jpg not found[17 Nov 2025, 02:21:10] GET /collections/lessons
[17 Nov 2025, 02:21:10] 404: Lesson image /images/lesson_images/guitar.jpg not found[17 Nov 2025, 02:21:12] GET /collections/lessons
[17 Nov 2025, 02:21:13] 404: Lesson image /images/lesson_images/guitar.jpg not found[17 Nov 2025, 02:21:38] GET /collections/lessons
[17 Nov 2025, 02:21:38] 404: Lesson image /images/lesson_images/guitar.jpg not found[17 Nov 2025, 02:22:03] GET /collections/lessons
[17 Nov 2025, 02:22:03] 404: Lesson image /images/lesson_images/guitar.jpg not found[17 Nov 2025, 02:22:06] 404: Lesson image /images/lesson_images/guitar.jpg not found[17 Nov 2025, 02:22:13] 404: Lesson image /images/lesson_images/guitar.jpg not found[17 Nov 2025, 02:22:15] 404: Lesson image /images/lesson_images/guitar.jpg not found[17 Nov 2025, 02:23:02] 404: Lesson image /images/lesson_images/guitar.jpg not found[17 Nov 2025, 02:23:04] 404: Lesson image /images/lesson_images/guitar.jpg not found[17 Nov 2025, 02:23:21] 404: Lesson image /images/lesson_images/guitar.jpg not found[17 Nov 2025, 02:23:26] 404: Lesson image /images/lesson_images/guitar.jpg not found[17 Nov 2025, 02:23:29] 404: Lesson image /images/lesson_images/guitar.jpg not found[17 Nov 2025, 02:23:32] 404: Lesson image /images/lesson_images/guitar.jpg not found[17 Nov 2025, 02:23:59] 404: Lesson image /images/lesson_images/guitar.jpg not found[17 Nov 2025, 02:24:07] 404: Lesson image /images/lesson_images/guitar.jpg not found[17 Nov 2025, 02:25:42] GET /collections/lessons
[17 Nov 2025, 02:25:42] 404: Lesson image /images/lesson_images/guitar.jpg not found[17 Nov 2025, 02:25:55] GET /collections/lessons
[17 Nov 2025, 02:25:55] 404: Lesson image /images/lesson_images/guitar.jpg not found[17 Nov 2025, 02:26:06] GET /collections/lessons
[17 Nov 2025, 02:26:06] 404: Lesson image /images/lesson_images/guitar.jpg not found[17 Nov 2025, 02:26:09] GET /collections/lessons
[17 Nov 2025, 02:26:09] 404: Lesson image /images/lesson_images/guitar.jpg not found[17 Nov 2025, 02:26:13] GET /collections/lessons
[17 Nov 2025, 02:26:13] 404: Lesson image /images/lesson_images/guitar.jpg not found[17 Nov 2025, 02:26:23] GET /collections/lessons
[17 Nov 2025, 02:26:23] 404: Lesson image /images/lesson_images/guitar.jpg not found[17 Nov 2025, 02:26:24] GET /collections/lessons
[17 Nov 2025, 02:26:25] 404: Lesson image /images/lesson_images/guitar.jpg not found[17 Nov 2025, 02:26:26] GET /collections/lessons
[17 Nov 2025, 02:26:27] 404: Lesson image /images/lesson_images/guitar.jpg not found[17 Nov 2025, 02:26:33] GET /collections/lessons
[17 Nov 2025, 02:26:33] 404: Lesson image /images/lesson_images/guitar.jpg not found[17 Nov 2025, 02:26:34] GET /collections/lessons
[17 Nov 2025, 02:26:34] 404: Lesson image /images/lesson_images/guitar.jpg not found[17 Nov 2025, 02:26:50] GET /collections/lessons
[17 Nov 2025, 02:26:50] 404: Lesson image /images/lesson_images/guitar.jpg not found[17 Nov 2025, 02:28:06] POST /checkout/place-order
[17 Nov 2025, 02:31:14] POST /checkout/place-order
[17 Nov 2025, 02:33:34] POST /checkout/place-order
[17 Nov 2025, 02:35:04] POST /checkout/place-order
[17 Nov 2025, 02:35:59] GET /collections/lessons
[17 Nov 2025, 02:35:59] 404: Lesson image /images/lesson_images/guitar.jpg not found[17 Nov 2025, 02:36:11] POST /checkout/place-order
[17 Nov 2025, 02:37:39] POST /checkout/place-order
[17 Nov 2025, 02:38:24] POST /checkout/place-order
[17 Nov 2025, 02:38:29] POST /checkout/place-order
[17 Nov 2025, 02:39:10] POST /checkout/place-order
[17 Nov 2025, 02:39:40] GET /collections/lessons
[17 Nov 2025, 02:39:40] 404: Lesson image /images/lesson_images/guitar.jpg not found[17 Nov 2025, 02:39:58] POST /checkout/place-order
